gender,SeniorCitizen,Partner,Dependents,tenure,PhoneService,MultipleLines,OnlineSecurity,OnlineBackup,DeviceProtection,TechSupport,StreamingTV,StreamingMovies,Contract,PaperlessBilling,MonthlyCharges,TotalCharges,TenureGroup,NumStreamingServices,NumSecurityServices,HasInternet,InternetService_Fiber optic,InternetService_No,PaymentMethod_Credit card (automatic),PaymentMethod_Electronic check,PaymentMethod_Mailed check,True_Churn,Pred_Gradient_Boosting,Prob_Gradient_Boosting,Pred_Random_Forest_Balanced,Prob_Random_Forest_Balanced,Pred_Logistic_Regression_Balanced,Prob_Logistic_Regression_Balanced
1,1,1,0,-1.038161792198114,1,1,0,0,0,0,0,0,0,1,0.3325290982832165,-0.7963717857785232,0,0,0,1,1,0,0,1,0,0,1,0.7468928779601427,1,0.8580259317350309,1,0.8918548300399571
1,1,0,0,-0.5490290431570309,1,0,0,0,1,0,1,1,0,1,1.03263547251346,-0.2260831276771039,1,2,1,1,1,0,1,0,0,1,0,0.41772233996860997,1,0.7474210762340263,1,0.8181653346549995
0,0,0,1,-1.2827281667186554,1,0,0,0,0,0,0,0,0,0,-0.6286620758381146,-0.990181252768005,0,0,0,1,0,0,0,0,1,1,1,0.5181182321739164,1,0.7217537100377576,1,0.519877372725363
0,0,0,0,0.1439090179845032,1,0,1,1,1,1,1,1,1,0,0.6983804102325122,0.3146466087573559,2,2,4,1,0,0,0,0,0,0,0,0.10169155569714143,0,0.2002502448726887,0,0.13219496444783613
0,0,1,1,1.5297851402675715,1,0,1,1,1,1,0,1,1,0,0.3075846906503099,1.2935101527658068,3,1,4,1,0,0,1,0,0,0,0,0.0642511173779088,0,0.1728778875193676,0,0.03263316247036662
0,1,0,0,0.3069532676648642,1,1,0,0,1,1,1,1,1,1,1.2937202724045482,0.8373762854304433,2,2,2,1,1,0,1,0,0,0,0,0.3748030356114369,0,0.42863558202181046,1,0.5612566284367142
0,0,0,0,-1.1604449794583849,1,0,0,0,0,0,0,0,0,0,-1.4767719353569364,-0.9739017869544108,0,0,0,0,0,1,1,0,0,0,0,0.06699915178601278,0,0.16620903227581327,0,0.3441158349295879
1,0,0,1,-1.2827281667186554,1,1,0,0,0,0,1,1,0,1,0.9461615260527172,-0.9692914775302356,0,2,0,1,1,0,0,1,0,1,1,0.8758496127272315,1,0.9298072815716593,1,0.9058463845633166
1,0,0,0,-0.3452237310565796,1,0,0,0,0,0,0,0,2,0,-1.466794172303774,-0.7955776654949333,1,0,0,0,0,1,0,0,1,0,0,0.01385865285508564,0,0.003642639106924821,0,0.04872174702494459
1,0,1,1,0.5107585797653155,1,1,1,1,0,1,1,0,2,0,0.2992698881060078,0.4767574410935385,2,1,3,1,0,0,1,0,0,0,0,0.0225438378684352,0,0.10077663889757953,0,0.043445648150324784
1,1,1,0,-0.9974007297780236,1,0,0,0,1,1,0,1,0,1,-0.015029648068614,-0.7538201739161614,0,1,2,1,0,0,1,0,0,0,0,0.1950538715691382,0,0.34451412821395394,1,0.629147615122165
1,0,0,0,-0.8751175425177529,1,0,0,0,1,0,0,0,0,0,0.2676736384376599,-0.649371297727316,0,0,1,1,1,0,0,1,0,0,0,0.4313784548302821,1,0.6764977410623065,1,0.764873018194613
0,0,0,0,-1.078922854618204,1,0,0,0,0,1,0,0,0,1,-0.5056029981824426,-0.8925044578864405,0,0,1,1,0,0,0,0,0,1,0,0.2172913180224812,1,0.5381207040936311,1,0.5422405127285698
1,0,1,1,-1.2827281667186554,1,0,0,0,0,0,0,0,1,0,-1.4967274614632615,-1.0016959968800592,0,0,0,0,0,1,1,0,0,0,0,0.032437388744433165,0,0.3325533766999284,0,0.1926007948928848
1,0,0,0,0.0216258307242325,1,0,0,1,1,0,0,0,0,1,0.4705548205186328,0.1263739248562375,2,0,2,1,1,0,1,0,0,0,0,0.29338484212691074,0,0.4993411041441261,1,0.5424504259634577
0,0,0,1,0.3477143300849545,1,1,0,1,0,0,1,0,0,1,0.7865173172021155,0.5976622542701092,2,1,1,1,1,0,0,0,0,0,0,0.24337859148316401,1,0.5393994929990275,1,0.6050458522351113
1,0,0,0,1.4890240778474817,1,0,0,0,0,0,0,0,2,1,-1.5216718690961684,-0.4506647556556964,3,0,0,0,0,1,0,0,1,0,0,0.014615288640671206,0,0.13089454320700114,0,0.009093162767393009
1,0,1,1,-0.4267458558967602,1,0,0,1,1,0,1,1,1,1,1.170661194748876,-0.0882811995774804,1,2,2,1,1,0,0,0,1,0,0,0.21828878249386954,0,0.4203893946280777,1,0.5460949565449981
1,0,1,1,1.4482630154273912,1,1,1,1,1,1,1,1,2,1,0.9095763948577876,1.809930984963708,3,2,4,1,0,0,1,0,0,0,0,0.025860519778071082,0,0.030616469541078578,0,0.04865498208361753
0,0,0,0,-1.2827281667186554,1,0,0,0,0,0,0,0,0,0,-1.5083681850252848,-1.0018504091574238,0,0,0,0,0,1,0,0,1,0,0,0.20265539308489414,1,0.5132586704335927,0,0.37406827312454566
1,0,0,0,-0.0191352316958577,1,0,0,0,0,0,0,0,1,0,-1.4983904219721222,-0.7423495475976399,2,0,0,0,0,1,0,0,1,0,0,0.02313431567556309,0,0.011659765618808868,0,0.06296142462583149
0,0,0,0,0.3069532676648642,1,1,0,0,1,1,1,1,1,1,1.3668905347944074,0.9021412063365574,2,2,2,1,1,0,1,0,0,0,0,0.3303870831779695,0,0.42009100819619194,1,0.5123513154419216
0,1,1,0,-0.9974007297780236,1,1,0,1,0,0,0,0,0,1,0.5254325173110274,-0.7310553924532495,0,0,1,1,1,0,1,0,0,1,1,0.6335515554615567,1,0.7464495416436914,1,0.8263131701094585
1,1,0,0,-0.6713122304173017,1,1,0,0,0,0,0,0,0,1,0.3192254142123333,-0.4539735901706545,1,0,0,1,1,0,0,0,0,0,1,0.590259150207429,1,0.817197137507178,1,0.8083156682370226
1,0,1,1,0.9591302663863084,1,0,0,1,1,1,0,0,1,1,0.6983804102325122,1.1044654074778648,3,0,3,1,1,0,0,0,1,0,0,0.04832415894341312,0,0.18854511097855434,0,0.16928852561696747
0,0,1,0,-1.2419671042985652,1,0,0,0,0,0,0,0,0,1,-0.660258325506463,-0.9708576592006494,0,0,0,1,0,0,0,1,0,0,0,0.4615055654249879,1,0.7570659144937211,1,0.7130970607383876
1,0,0,0,-1.201206041878475,1,0,0,0,0,1,0,1,0,0,-0.1397516862331468,-0.9235854434302806,0,1,1,1,0,0,0,0,1,0,0,0.4592319748651323,0,0.4809695242176861,1,0.5419994809443507
0,0,1,0,0.9998913288063984,1,1,0,1,1,0,1,1,0,1,1.3186646800374546,1.6019155884566725,3,2,2,1,1,0,1,0,0,1,0,0.3717668884519567,1,0.563822086082656,1,0.6088944824408298
0,0,0,0,-1.1196839170382944,1,0,0,0,0,1,0,1,0,1,0.6834137656527687,-0.8225556962402253,0,1,1,1,1,0,1,0,0,1,1,0.6354845015395635,1,0.7237820898861981,1,0.77290560811236
0,0,1,1,-0.8751175425177529,1,0,0,0,0,0,0,0,0,1,-1.516682987569587,-0.9309089971567212,0,0,0,0,0,1,0,0,1,1,0,0.10774999133959809,0,0.19511144654616477,0,0.3149445070548463
1,0,0,0,-0.2229405437963089,1,0,0,0,0,0,0,0,1,0,-1.481760816883518,-0.747930448479536,2,0,0,0,0,1,0,0,1,0,0,0.023360385653343512,0,0.010548654507697756,0,0.07679276917094059
0,0,1,0,1.407501953007301,1,1,0,0,0,0,0,0,2,1,-1.3171277265063348,-0.2458258402830208,3,0,0,0,0,1,1,0,0,0,0,0.016615813750079787,0,0.0011438013267898097,0,0.013469555439541368
1,0,1,1,1.6113072651077522,1,1,0,0,0,0,0,1,2,1,0.6534804764932807,1.6943423659078365,3,1,0,1,1,0,1,0,0,0,0,0.14988841010537676,0,0.24129886241259624,0,0.14226593155514328
0,0,0,0,-0.7935954176775724,1,1,0,0,0,0,0,0,0,1,0.337517979809798,-0.5695180914329928,1,0,0,1,1,0,0,0,1,1,1,0.5719946183988425,1,0.7192693507706922,1,0.7682298601793681
1,0,0,0,-1.1604449794583849,1,1,0,0,0,0,0,0,0,0,-0.4806585905495361,-0.9193060174576014,0,0,0,1,0,0,0,0,1,1,0,0.2994129564677883,1,0.6215620760995078,1,0.6053524622808263
1,0,0,0,-1.038161792198114,1,0,0,0,0,0,0,0,0,1,-1.4934015404455407,-0.9453796334354716,0,0,0,0,0,1,0,0,1,0,0,0.10043980109285049,0,0.16905683545489036,0,0.4001618172917274
1,0,1,1,-0.712073292837392,1,0,0,0,0,0,0,0,1,0,-1.5033793034987035,-0.8636955387095382,1,0,0,0,0,1,0,0,1,0,0,0.025202611845450123,0,0.01758572819698139,0,0.11096456947807384
0,0,1,1,-0.0191352316958577,1,0,1,1,0,1,0,0,0,0,-0.1148072786002403,-0.1878109417874214,2,0,3,1,0,0,0,0,0,0,0,0.07945767626732862,0,0.22746088046263244,0,0.14075276288286256
0,0,0,1,-0.2637016062163992,1,1,0,0,0,0,0,0,0,1,-0.5105918797090239,-0.4520765250487451,2,0,0,1,0,0,0,0,1,0,0,0.13242810025373442,0,0.1567595650005556,0,0.393597888764307
1,1,0,0,-0.0191352316958577,1,0,0,0,0,0,0,0,1,0,-1.4983904219721222,-0.751173106304195,2,0,0,0,0,1,1,0,0,0,0,0.032783637481325116,0,0.007272812832941994,0,0.0769783982985611
1,0,1,1,-1.2419671042985652,1,0,0,0,1,1,0,1,0,0,0.8364061324679285,-0.9266075122872756,0,1,2,1,1,0,1,0,0,1,1,0.6515929933089732,1,0.7118970160836626,1,0.6840022580848909
1,0,1,0,-0.9566396673579334,0,0,0,0,0,1,1,0,0,0,-0.8049358897773209,-0.8653278970702509,0,1,1,1,0,0,0,0,1,1,0,0.29825055802223377,0,0.44944587377117257,1,0.6316009248896205
1,0,1,1,-0.9158786049378432,1,0,0,0,1,0,1,0,0,0,-0.1547183308128906,-0.7618496123391266,0,1,1,1,0,0,0,0,1,0,0,0.14860168725247921,0,0.3397305118416501,0,0.49386736223587757
0,0,1,0,1.6113072651077522,1,1,1,1,1,1,1,1,2,1,1.6861789524956108,2.656794090722095,3,2,4,1,1,0,1,0,0,0,0,0.016528954390684365,0,0.03516358010969725,0,0.15316688464539374
0,0,1,1,-0.4267458558967602,1,0,0,0,0,0,0,0,0,0,-1.5233348296050289,-0.8101365373607491,1,0,0,0,0,1,0,0,0,0,0,0.055781995048630684,0,0.1436805960836517,0,0.16865866557527134
0,0,0,0,-0.8751175425177529,1,0,0,0,0,0,0,0,1,0,-1.4917385799366805,-0.916945715503598,0,0,0,0,0,1,0,0,1,0,0,0.035115926010609505,0,0.034768805862547374,0,0.1641662024327223
0,0,0,0,0.8368470791260375,1,1,1,0,1,0,1,1,1,1,1.400149744971616,1.541981565942397,3,2,2,1,1,0,1,0,0,1,0,0.24706151483420632,1,0.5358534446342508,0,0.4108331689837522
0,0,0,0,-1.038161792198114,1,0,1,1,1,0,0,0,0,0,-0.1148072786002403,-0.8168203830809645,0,0,3,1,0,0,0,1,0,0,0,0.16383935255693033,0,0.3897846697276761,0,0.4914543333901842
1,0,0,0,-0.5490290431570309,1,0,0,1,0,1,0,1,1,1,0.0165666015997338,-0.4669883392628232,1,1,2,1,0,0,0,0,0,0,0,0.07679215997820264,0,0.32464157528772203,0,0.28776449829606554
1,1,0,0,-0.6305511679972114,1,0,0,0,0,0,0,0,0,1,-0.6585953649976026,-0.670481661932749,1,0,0,1,0,0,0,1,0,1,0,0.2806873146938322,1,0.5668626845323873,1,0.6363566956500594
0,0,0,0,-1.1196839170382944,1,1,1,0,0,0,0,0,0,1,-0.3675772759470265,-0.8851809041599997,0,0,1,1,0,0,0,1,0,0,0,0.4183793326375615,1,0.5884083478293183,1,0.6734826365979268
0,0,0,0,-0.9974007297780236,1,1,0,0,0,0,1,1,0,0,1.0243206699691578,-0.6671728274177909,0,2,0,1,1,0,0,0,0,1,1,0.7290613201425772,1,0.9133008238469832,1,0.8386620042709254
0,1,0,0,1.6113072651077522,1,1,1,1,1,1,1,1,2,1,1.7460455308145864,2.711433978012437,3,2,4,1,1,0,1,0,0,0,0,0.018286782610635172,0,0.06816908630093277,0,0.19428198245165879
0,0,0,0,-1.038161792198114,1,0,0,0,0,0,0,0,0,1,0.1678960079060338,-0.7910555916578238,0,0,0,1,1,0,0,0,1,0,1,0.5200926816177723,1,0.7130201025174542,1,0.7746042795865714
0,0,0,0,-0.3044626686364894,1,0,0,0,0,0,0,0,0,0,-1.5233348296050289,-0.8069379973296229,2,0,0,0,0,1,0,0,1,0,0,0.0516185278177972,0,0.06506147124356626,0,0.15111847277718093
0,0,0,0,-1.1604449794583849,1,1,0,1,0,0,0,1,0,1,0.8014839617818594,-0.8537469762678974,0,1,1,1,1,0,0,1,0,1,1,0.8016669051967392,1,0.8822819064599574,1,0.8858328436454644
1,1,1,0,-0.1414184189561284,1,1,0,1,1,0,0,1,0,1,1.03263547251346,0.2006682891654309,2,1,2,1,1,0,0,1,0,1,1,0.6203172476158995,1,0.753374362399595,1,0.8166676548847074
0,0,1,0,1.2852187657470302,1,0,0,0,0,0,0,0,2,0,-1.510031145534145,-0.4697236424618552,3,0,0,0,0,1,1,0,0,0,0,0.010852115782201452,0,0.008796997053232385,0,0.007777850366621441
1,0,0,0,-0.5897901055771212,1,1,0,0,0,0,0,0,0,0,0.3092476511591708,-0.3985395825967224,1,0,0,1,1,0,0,0,1,0,0,0.2990399652326474,1,0.5840163908355429,1,0.6858581094753382
1,0,1,0,1.4890240778474817,1,0,0,0,0,0,0,0,2,0,-1.4950645009544017,-0.4089293229736909,3,0,0,0,0,1,0,0,1,0,0,0.013696317055100186,0,0.0033082137161084524,0,0.006782553556223771
0,0,1,1,1.6113072651077522,1,1,0,0,0,0,0,0,2,0,-1.3670165417721478,-0.2696053309971867,3,0,0,0,0,1,0,0,0,0,0,0.011497632817596352,0,0.0022335340800098084,0,0.007010708408697084
0,0,0,0,-0.2229405437963089,1,0,0,1,0,1,0,0,0,1,-0.289418132030586,-0.3754439176823146,2,0,2,1,0,0,0,0,1,0,0,0.09700913175238862,0,0.24104243017740645,0,0.2899988081653069
0,0,1,1,-0.0191352316958577,1,1,0,0,1,0,0,1,0,1,0.8713283031539976,0.2930068310295296,2,1,1,1,1,0,0,0,0,1,0,0.32765542928043756,1,0.5229834748417413,1,0.6821576615620183
0,0,0,0,-1.2419671042985652,1,0,0,1,0,0,0,0,0,1,-0.5255585242887678,-0.9702620689879567,0,0,1,1,0,0,1,0,0,1,0,0.45590305267264114,1,0.7712535595144482,1,0.595739804533132
0,1,1,0,0.9591302663863084,1,1,1,1,1,1,0,0,1,0,1.0243206699691578,1.4035619887333146,3,0,4,1,1,0,0,1,0,0,0,0.12596423263759185,0,0.20899738004230278,0,0.2562891584369878
0,1,0,1,-0.1006573565360382,1,1,0,0,0,1,1,1,0,1,1.2122352074703868,0.3018303897360846,2,2,1,1,1,0,0,1,0,0,1,0.5964324415795169,1,0.7291905318900754,1,0.8004284038902539
1,0,1,1,1.6113072651077522,1,1,1,1,1,1,0,1,2,1,1.3319683641083384,2.40102118271583,3,1,4,1,1,0,1,0,0,0,0,0.4092223296680021,0,0.05784494946187614,0,0.09968738704722768
1,0,0,1,-1.2827281667186554,1,0,0,1,0,0,0,0,0,1,-0.4972881956381404,-0.9884385999234602,0,0,1,1,0,0,0,1,0,0,1,0.6505628354668191,1,0.8271287635497913,1,0.6613665777064548
0,0,1,0,1.040652391226489,1,1,1,1,0,1,1,1,2,1,1.4716570468526144,1.8102839273119693,3,2,3,1,1,0,1,0,0,0,0,0.4997324599128779,0,0.3918387742374524,0,0.17607517983546309
0,0,1,0,1.4482630154273912,1,1,1,1,1,1,1,1,2,0,1.6645604658804254,2.449947815743678,3,2,4,1,1,0,0,0,0,0,0,0.043018572647362294,0,0.17828015261602403,0,0.12973973987120538
1,0,1,1,0.8776081415461278,1,0,0,1,0,1,0,0,2,1,0.5021510701869811,0.9139868339001076,3,0,2,1,1,0,0,0,0,0,0,0.02887165639062653,0,0.13768947039011736,0,0.09450850557964248
0,0,1,1,-0.1821794813762187,1,0,0,0,0,0,0,1,0,1,0.5387362013819106,-0.0279059991278775,2,1,0,1,1,0,0,1,0,1,0,0.37732373325714363,1,0.5842285130666339,1,0.7096898231948944
1,0,1,0,1.081413453646579,1,1,1,1,1,1,1,1,2,0,1.6263123741766352,1.884225349272901,3,2,4,1,1,0,0,1,0,0,0,0.11589854439045852,0,0.25459588154412943,0,0.18557092135080447
0,0,1,1,1.4482630154273912,1,1,1,1,1,1,0,1,1,1,0.4522622549211681,1.3425029624839535,3,1,4,1,0,0,0,1,0,0,0,0.07123220669316113,0,0.17251259328995366,0,0.08952438196752818
0,0,1,0,-0.4675069183168504,0,0,1,0,0,0,0,0,0,0,-1.2090352934304065,-0.7327980452977941,1,0,1,1,0,0,0,1,0,0,0,0.21952564530039714,0,0.46933639829100654,1,0.5130269928200645
0,0,1,1,0.103147955564413,0,0,0,0,0,1,1,0,1,0,-0.7966210872330187,-0.4000395875768368,2,1,1,1,0,0,0,0,1,0,0,0.04505052850883866,0,0.16019170860898824,0,0.1771186873563422
0,1,1,1,1.5297851402675715,1,1,0,1,1,1,1,1,1,1,1.4317459946399644,2.287726688923664,3,2,3,1,1,0,0,1,0,0,0,0.11636005998589093,0,0.3814352766625405,0,0.4280801065931205
1,0,1,0,-1.078922854618204,1,1,0,0,0,0,0,0,0,1,0.3541475848984023,-0.8172174432227595,0,0,0,1,1,0,0,1,0,1,1,0.7025651298874243,1,0.8309733262491402,1,0.8701086246452749
0,0,1,0,0.9591302663863084,1,1,1,1,1,0,1,1,1,0,1.4949384939766606,1.6849893936788878,3,2,3,1,1,0,0,0,0,0,0,0.27942688978551117,0,0.4098813835050539,0,0.3105605281143045
1,0,0,0,-1.201206041878475,1,0,0,1,1,1,1,1,0,1,1.4334089551488247,-0.8698940887008932,0,2,3,1,1,0,0,1,0,0,1,0.7451884984865795,1,0.8301206536552563,1,0.8508598133843818
1,0,0,0,-1.2827281667186554,1,0,0,0,0,0,0,0,0,1,-0.6319879968558355,-0.9902253705615376,0,0,0,1,0,0,0,0,1,1,1,0.5662639159744379,1,0.7664352684072219,1,0.6436904568720309
0,1,0,0,-0.5082679807369407,1,1,0,0,0,0,0,1,0,1,0.6967174497236519,-0.2483184956176226,1,1,0,1,1,0,1,0,0,1,1,0.5172659826316938,1,0.7584403813151664,1,0.8211189453623169
1,0,0,1,0.7960860167059473,1,1,0,0,0,0,0,0,2,0,-1.3054870029443115,-0.4217014242014294,3,0,0,0,0,1,1,0,0,0,0,0.016939436232067357,0,0.06309784002570122,0,0.01461341444366886
1,1,1,0,0.5515196421854057,1,0,0,0,0,0,0,1,0,1,0.5171177147667252,0.5800813135472981,2,1,0,1,1,0,0,1,0,1,0,0.3475070090321683,1,0.6394987407095754,1,0.7101712353609316
1,0,0,0,-0.9566396673579334,0,0,0,0,0,0,1,1,0,1,-0.6469546414355796,-0.8256880595810524,0,2,0,1,0,0,0,1,0,1,1,0.5750224136451277,1,0.6987170825515955,1,0.8545208422635044
1,0,1,0,1.4482630154273912,1,1,1,1,0,1,1,1,0,1,1.4250941526045229,2.219366167844628,3,2,3,1,1,0,0,1,0,0,0,0.3865061538547235,0,0.4478612842159783,1,0.5345053756219262
0,1,0,0,-1.2419671042985652,1,0,0,0,0,0,0,0,0,0,-0.6951804961925321,-0.9729091365999234,0,0,0,1,0,0,0,1,0,0,1,0.6346417796243553,1,0.7896965971861011,1,0.6985562062686564
0,1,1,0,0.8368470791260375,1,0,0,1,1,1,1,0,1,1,0.9694429731767632,1.1387228741560649,3,1,3,1,1,0,0,1,0,0,0,0.13774558308669926,0,0.2815799873924554,0,0.38222426119815456
0,0,1,1,1.407501953007301,1,1,0,1,1,1,1,1,1,1,1.5797494799285428,2.249167737376017,3,2,3,1,1,0,1,0,0,0,0,0.12781529662026886,0,0.2594486750444307,0,0.30806328350812245
1,0,0,0,-1.2827281667186554,1,0,0,0,0,0,1,1,0,1,0.8214394878881845,-0.9709458947877148,0,2,0,1,1,0,0,1,0,1,1,0.7899025416491603,1,0.889254133383863,1,0.9006551728689643
0,0,0,1,-0.9158786049378432,0,0,1,1,0,1,0,0,1,0,-0.8182395738482043,-0.8289307174057113,0,0,3,1,0,0,0,0,1,0,0,0.04463439328575828,0,0.10329216033009134,0,0.25541941606959195
0,1,0,0,-0.9974007297780236,1,0,0,0,0,0,0,0,0,0,-1.5033793034987035,-0.9379678441219652,0,0,0,0,0,1,0,1,0,1,0,0.24079467529801257,0,0.4032891150852078,0,0.4614347663360945
1,1,0,0,0.9998913288063984,1,1,1,0,0,1,0,1,2,0,0.9611281706324613,1.471415155186723,3,1,2,1,1,0,0,1,0,0,0,0.2211818951798252,0,0.23122715537474348,0,0.19855537685415056
1,1,1,1,1.6113072651077522,1,1,1,1,1,1,1,1,2,1,1.6662234263892857,2.6056174502240754,3,2,4,1,1,0,0,0,0,0,0,0.01637703943584076,0,0.0604451505267361,0,0.16933922236474527
1,0,0,0,1.4482630154273912,1,1,1,1,1,0,0,1,1,1,0.4007104791464947,1.2055833902549855,3,1,3,1,0,0,1,0,0,0,0,0.0750567331164276,0,0.23332730887069555,0,0.09145707635222246
1,0,1,1,0.7145638918657667,0,0,1,0,0,0,1,0,0,1,-0.8448469419899711,-0.1186783593215626,3,1,1,1,0,0,1,0,0,0,0,0.15087145553783626,0,0.2921645302560662,0,0.23244662458208207
1,0,0,0,1.570546202687662,1,1,1,1,1,1,0,1,2,0,0.5237695568021665,1.5078785115415616,3,1,4,1,0,0,0,0,0,0,0,0.01703491417100062,0,0.030226670448117905,0,0.028594594802346718
0,0,0,0,-1.2827281667186554,1,0,0,0,1,1,1,1,1,0,0.3075846906503099,-0.9777620938885286,0,2,2,1,0,0,1,0,0,0,0,0.05512176977183478,0,0.33486006717298844,0,0.3989191498419791
0,0,0,0,-0.0191352316958577,1,1,0,0,0,0,1,0,1,0,0.6385138319135366,0.2168374604951931,2,1,0,1,1,0,0,1,0,1,0,0.1461494228527323,0,0.33526120779261126,1,0.5485253599016688
0,0,0,0,-1.2827281667186554,1,0,0,0,0,0,0,0,0,0,-1.5083681850252848,-1.0018504091574238,0,0,0,0,0,1,0,0,1,1,0,0.20265539308489414,1,0.5132586704335927,0,0.37406827312454566
0,0,1,0,0.5515196421854057,1,1,1,0,0,0,0,0,0,0,-0.327666223734376,0.080998774207778,2,0,1,1,0,0,0,0,0,0,0,0.09949814780385376,0,0.17393742080131389,0,0.1914807395190091
0,0,1,0,1.4482630154273912,1,1,0,1,1,0,0,0,1,0,0.7183359363388377,1.532033003500756,3,0,2,1,1,0,1,0,0,0,0,0.08681289410064567,0,0.13792600368734095,0,0.17969566162878708
0,0,0,0,-0.3044626686364894,1,0,0,0,0,0,0,0,1,0,-1.4950645009544017,-0.7777320180109256,2,0,0,0,0,1,1,0,0,0,0,0.02319364996994163,0,0.049712739867653656,0,0.07870321745797083
0,0,0,0,-1.2827281667186554,0,0,0,0,0,1,0,0,0,0,-1.1408539125671289,-0.9969753929720522,0,0,1,1,0,0,0,0,1,0,0,0.4970812147741156,1,0.5352944956196173,1,0.647627738741021
1,0,1,1,0.3884753925050447,1,0,0,0,0,0,0,0,2,0,-1.4684571328126343,-0.6447830471999075,2,0,0,0,0,1,0,0,1,0,0,0.014398636540027914,0,0.002238554278823495,0,0.01816102149507441
0,0,0,0,-1.2827281667186554,1,0,0,0,0,0,0,0,0,0,-1.5150200270607266,-1.0019386447444891,0,0,0,0,0,1,0,1,0,1,0,0.16770886264637064,0,0.3269752500373519,0,0.4667436331620493
1,1,0,0,0.7145638918657667,1,1,1,1,0,0,1,0,0,1,0.1828626524857773,0.5136399164869386,3,1,2,1,0,0,0,0,0,0,0,0.15770340894303156,0,0.2929733704716866,0,0.2960786394934904
1,0,1,0,1.6113072651077522,1,1,0,1,1,1,1,1,2,1,1.4483755997285688,2.3952196928662706,3,2,3,1,1,0,0,1,0,0,1,0.5226295571465153,0,0.2961405271016939,0,0.2514931375031528
0,0,0,0,-1.2827281667186554,0,0,0,0,0,0,0,0,0,0,-1.318790687015195,-0.9993356949260558,0,0,0,1,0,0,0,0,1,1,0,0.362376808876176,1,0.609333244133225,1,0.7085659634760104
0,1,1,0,0.918369203966218,1,0,0,0,1,1,1,0,2,0,0.7964950802552779,1.109538953734134,3,1,2,1,1,0,1,0,0,0,0,0.03621499482165742,0,0.1373751381115611,0,0.12895385746507101
0,0,0,1,-0.4675069183168504,1,0,0,0,0,0,0,0,0,0,-1.466794172303774,-0.8109527165411055,1,0,0,0,0,1,0,0,1,0,0,0.04769400191781155,0,0.03811390001163422,0,0.1702831141646494
0,1,0,0,0.3884753925050447,1,1,0,0,1,0,0,0,0,0,-0.3060477371191903,0.0579692859836694,2,0,1,1,0,0,0,1,0,0,0,0.25392800707449376,0,0.2531635884854214,0,0.4051013266557053
1,0,0,0,1.6113072651077522,1,0,0,0,0,0,0,0,2,1,-1.4983904219721222,-0.3624732863836786,3,0,0,0,0,1,1,0,0,0,0,0.011063920832332904,0,0.0007692307692307692,0,0.008252527340995571
1,0,1,1,-0.5897901055771212,1,0,1,0,1,0,1,0,0,1,0.7665617910957905,-0.3484658869370225,1,1,2,1,1,0,0,0,1,0,0,0.3138350443024488,1,0.5598662545436338,1,0.6192123864541713
0,1,1,0,-1.2827281667186554,1,0,0,1,0,0,0,0,0,1,0.3840808740578904,-0.9767473846372748,0,0,1,1,1,0,0,0,1,1,1,0.8887695000269329,1,0.7495819439800262,1,0.8184707111092655
1,0,1,0,-1.201206041878475,1,0,0,0,0,0,0,0,0,1,-1.4734460143392158,-0.9878871275043004,0,0,0,0,0,1,1,0,0,1,0,0.13795322127987691,0,0.11701489363861485,0,0.429710229827462
1,1,0,0,-1.201206041878475,1,1,0,0,1,0,1,0,0,0,0.8713283031539976,-0.882908837793062,0,1,1,1,1,0,0,1,0,1,1,0.6838801424434081,1,0.8192027360934735,1,0.8887745204854933
0,0,0,0,1.5297851402675715,1,1,1,1,1,0,1,1,2,0,0.6601323185287225,1.6326656905490164,3,2,3,1,0,0,0,0,1,0,0,0.023369192680205562,0,0.005892262881487888,0,0.04687098407860993
1,0,1,0,1.3667408905872107,1,0,1,1,1,1,1,1,2,1,0.700043370741373,1.4580695226430584,3,2,4,1,0,0,0,0,0,0,0,0.02474679999669956,0,0.018813710516668577,0,0.04373801383786258
1,0,1,0,1.6113072651077522,1,1,0,0,0,0,0,0,2,0,-1.3121388449797535,-0.2556420493440633,3,0,0,0,0,1,0,0,1,0,0,0.011464371473550995,0,0.0016980173249523094,0,0.008274042500109864
1,0,0,0,-0.3452237310565796,1,1,0,1,1,0,0,0,0,1,0.6651212000553035,-0.1065680249968157,1,0,2,1,1,0,0,0,0,0,0,0.34166124033281126,1,0.5784924303274684,1,0.7074873044369725
1,0,0,0,0.3884753925050447,1,1,1,1,1,0,0,1,1,1,1.135739024062807,0.8859279172132625,2,1,3,1,1,0,0,1,0,0,0,0.19910511236315728,0,0.4338388954211151,0,0.4977906790432809
1,0,1,1,1.6113072651077522,1,1,1,1,1,1,1,1,2,1,0.8630135006096954,1.8120265801565143,3,2,4,1,0,0,1,0,0,0,0,0.016043564795067602,0,0.013208698683020999,0,0.04111529280511892
1,0,0,1,-0.4675069183168504,1,1,0,0,0,0,0,0,0,0,-1.3354202921037994,-0.8043571064079554,1,0,0,0,0,1,0,0,1,0,0,0.05464562557130815,0,0.0926681331516209,0,0.21039456186881292
0,0,0,0,-0.1006573565360382,1,0,0,0,0,1,1,1,1,1,0.982746657247647,0.1534181322918286,2,2,1,1,1,0,0,0,0,0,0,0.2634886846407974,0,0.4183513273252166,0,0.48084701097171856
1,0,1,1,0.918369203966218,1,0,1,0,0,0,0,1,1,0,-0.1796627384457972,0.3823453629333995,3,1,1,1,0,0,1,0,0,0,0,0.06805089403048348,0,0.12402987151820095,0,0.05830631093725405
1,1,1,0,0.8776081415461278,1,1,0,0,0,0,0,0,0,0,0.3042587696325893,0.7185891263434461,3,0,0,1,1,0,0,0,0,0,0,0.29150812809411075,0,0.4842618413281125,0,0.4619698438158866
1,0,1,1,-0.6713122304173017,1,1,1,1,0,1,1,1,0,0,0.6667841605641643,-0.3935763308242851,1,2,3,1,0,0,0,1,0,0,0,0.22107107794410102,0,0.3862273938562544,0,0.477701609830049
1,0,1,0,-0.0191352316958577,1,1,0,0,1,0,0,0,0,1,0.4672288995009121,0.0695281478892565,2,0,1,1,1,0,0,1,0,1,1,0.5439925705511421,1,0.6491216430491261,1,0.7195280532821486
0,1,1,0,1.2036966409068497,1,1,1,0,1,0,1,1,1,1,1.3303054035994777,1.7746588090342534,3,2,2,1,1,0,0,1,0,0,0,0.2760899629086782,1,0.5074872352998964,1,0.5028325751140434
1,0,0,0,-1.2827281667186554,1,0,0,0,0,0,0,0,0,0,-1.485086737901239,-1.0015415846026945,0,0,0,0,0,1,0,0,1,1,0,0.41543664484785137,1,0.627712916946065,0,0.379479303925483
0,0,1,1,-0.3859847934766699,0,0,1,0,0,1,0,0,2,0,-1.0061541113494334,-0.6515771874039549,1,0,2,1,0,0,0,0,1,0,0,0.02949416418148482,0,0.0591341332205388,0,0.09168789265846902
1,0,0,0,-1.201206041878475,1,0,0,0,0,0,1,1,0,0,0.8596875795919747,-0.9056074425656748,0,2,0,1,1,0,0,0,1,0,1,0.5690654046638677,1,0.7524336066015341,1,0.8120038838484959
0,1,0,0,1.3259798281671205,1,1,0,1,1,0,1,0,0,1,1.017668827933716,1.735129266028887,3,1,2,1,1,0,0,0,0,0,0,0.23064916331441096,0,0.45853732532594726,1,0.567191481798521
1,0,0,0,-1.201206041878475,1,0,0,0,1,1,1,0,0,1,0.831417250941347,-0.902607432605446,0,1,2,1,1,0,0,0,1,0,1,0.6297607015588832,1,0.8135508671707851,1,0.7734134522800674
1,0,1,1,-1.2827281667186554,1,0,0,0,0,0,0,0,1,0,-1.531649632149331,-1.0021592337121532,0,0,0,0,0,1,0,0,1,0,0,0.1369244061719168,0,0.22289430111044517,0,0.19515553675961494
1,0,0,1,-1.1604449794583849,1,0,1,0,0,0,0,0,0,0,-0.5155807612356051,-0.9135486454015742,0,0,1,1,0,0,0,1,0,1,0,0.3290386544021485,1,0.5707899085294634,1,0.5097858346091398
1,0,0,0,-1.2827281667186554,1,0,1,0,0,1,0,0,0,1,-0.362588394420445,-0.986651829285383,0,0,2,1,0,0,0,1,0,1,0,0.45185540368780114,1,0.668749758724738,1,0.583075900499655
1,0,0,0,-1.2827281667186554,1,0,0,0,0,0,0,0,0,1,-1.4967274614632615,-1.0016959968800592,0,0,0,0,0,1,0,1,0,1,0,0.33463812168118345,1,0.5740499385622645,1,0.5506722003420569
0,0,1,1,0.9998913288063984,1,0,0,0,0,0,0,0,2,0,-1.5000533824809827,-0.4492529862626476,3,0,0,0,0,1,0,0,0,0,0,0.014911438877735132,0,0.05283150977550559,0,0.009497496828310316
1,0,1,1,1.081413453646579,1,0,0,0,0,0,0,0,2,0,-1.4967274614632615,-0.4862236972431132,3,0,0,0,0,1,0,0,1,0,0,0.013015708479317465,0,0.02552971158765436,0,0.00833537067922056
0,0,0,0,1.24445770332694,1,1,0,1,0,0,1,1,1,0,1.1656723132222948,1.697055610210102,3,2,1,1,1,0,0,0,0,1,0,0.13573072080359122,0,0.27977110308542835,0,0.33375268392520185
0,0,1,1,1.4482630154273912,0,0,0,1,1,1,1,1,2,0,-0.1513924097951699,0.8023467573654198,3,2,3,1,0,0,1,0,0,0,0,0.028386586410479548,0,0.018816582151527785,0,0.042013290871562935
1,0,0,0,-1.2419671042985652,1,0,0,0,0,0,0,0,0,1,0.1645700868883126,-0.9457546346805,0,0,0,1,1,0,0,1,0,0,1,0.687893420569297,1,0.8412921972994516,1,0.85385713942325
1,0,1,1,0.8368470791260375,1,1,0,0,1,1,1,1,1,1,0.4622400179743306,0.7288685722365826,3,2,2,1,0,0,0,0,1,0,0,0.10030784434972531,0,0.19311901913617072,0,0.15235537318533557
0,1,0,0,-0.9566396673579334,1,1,0,0,1,0,1,0,0,1,0.8397320534856492,-0.6500992413206069,0,1,1,1,1,0,0,1,0,0,1,0.7733053896660049,1,0.8641274412323913,1,0.9038116059436369
0,1,1,0,1.3667408905872107,1,1,0,0,1,1,1,1,1,1,1.3668905347944074,2.0668730144985905,3,2,2,1,1,0,1,0,0,1,0,0.3187040706334165,0,0.3389219738504364,0,0.41830152648116575
0,0,0,0,-1.2827281667186554,1,0,0,0,0,0,0,0,0,1,-0.675224970086207,-0.9907989018774636,0,0,0,1,0,0,1,0,0,0,1,0.5496675558321141,1,0.8005776721113388,1,0.6329084820187091
1,0,0,1,1.1629355784867594,1,0,0,0,0,0,0,0,2,0,-1.5000533824809827,-0.5144811440008558,3,0,0,0,0,1,0,0,1,0,0,0.008407558295345478,0,0.13076524964063663,0,0.007592378842865813
0,0,1,1,-0.8751175425177529,1,0,1,0,0,0,0,0,0,0,-0.4607030644432108,-0.7538201739161614,0,0,1,1,0,0,0,0,0,0,0,0.12136852299221472,0,0.33551900914669264,0,0.37051122294945915
1,0,1,0,-0.712073292837392,1,1,0,0,1,0,1,1,0,1,1.2055833654349448,-0.346899705266609,1,2,1,1,1,0,0,1,0,1,1,0.7893390701838582,1,0.8589551065722035,1,0.8813218692711022
0,0,1,0,1.570546202687662,1,1,1,1,1,1,1,1,2,0,0.7682247516046508,1.7977985917421944,3,2,4,1,0,0,0,0,0,0,0,0.018028704975727967,0,0.006456462179626894,0,0.03858356593733911
0,0,1,1,-0.712073292837392,1,0,0,0,0,0,0,0,0,0,-0.6170213522760918,-0.7283421481509837,1,0,0,1,0,0,0,1,0,0,0,0.2262499450037247,0,0.3871572342470021,0,0.464184855916401
1,0,0,0,-1.201206041878475,1,1,0,0,0,0,0,0,0,0,-0.4806585905495361,-0.949901707272581,0,0,0,1,0,0,0,0,0,0,0,0.4357664307797189,1,0.7333647946706902,1,0.6223466491150671
0,0,0,0,0.0623868931443227,1,0,1,1,0,0,0,0,1,0,-0.327666223734376,-0.1787667941132024,2,0,2,1,0,0,0,0,1,0,0,0.04215716627224313,0,0.10747964956689762,0,0.09921474750641676
0,0,0,0,-0.8343564800976626,1,1,0,0,0,1,0,0,0,1,0.4888473861160975,-0.5876946223684962,0,0,1,1,1,0,1,0,0,0,1,0.5662762457702256,1,0.6819565642344264,1,0.7445225123644049
0,0,1,1,0.5107585797653155,1,1,0,0,0,0,0,0,2,1,-1.33708325261266,-0.5080399461450706,2,0,0,0,0,1,0,0,0,0,0,0.01869301041976483,0,0.03293875889772908,0,0.03031058965936922
1,0,1,0,1.570546202687662,1,1,1,0,1,1,1,1,2,1,1.4533644812551498,2.349557776559848,3,2,3,1,1,0,1,0,0,0,0,0.12166246860737605,0,0.3312412925961193,0,0.1541417885110815
1,0,1,0,0.3884753925050447,1,1,1,0,0,1,1,1,1,0,0.5187806752755855,0.4789192129766445,2,2,2,1,0,0,1,0,0,0,0,0.09029786803864724,0,0.1391171671895325,0,0.15481914288128854
0,0,1,0,1.4482630154273912,1,1,1,1,1,0,1,1,2,1,1.5281977041538697,2.3220282733953965,3,2,3,1,1,0,0,0,0,0,0,0.10574310160956553,0,0.26253721363539095,0,0.2020379126563942
0,0,1,0,0.918369203966218,1,1,1,0,0,0,1,0,0,1,0.8297542904324867,1.1776127091552062,3,1,1,1,1,0,0,0,0,0,0,0.18108658338521347,0,0.41822352523036366,0,0.48823573594331665
0,0,1,1,1.570546202687662,1,0,0,0,0,0,0,0,2,0,-1.4950645009544017,-0.3975028144487022,3,0,0,0,0,1,0,0,0,0,0,0.010409375055605942,0,0.0031631569878541317,0,0.005387071370951718
0,0,1,1,-0.8751175425177529,1,0,0,0,0,0,0,0,1,0,-1.4717830538303551,-0.9072618598231538,0,0,0,0,0,1,0,0,1,0,0,0.028975563998299814,0,0.1353655844045169,0,0.1411751209834985
1,0,0,0,0.592280704605496,1,0,0,0,0,0,0,0,2,0,-1.4767719353569364,-0.5944225858822445,2,0,0,0,0,1,0,0,0,0,0,0.01533519654752052,0,0.036758065452260576,0,0.018963968959140654
0,0,0,0,-0.8751175425177529,1,1,0,0,0,0,0,0,0,1,0.387406795075611,-0.6407683279884249,0,0,0,1,1,0,0,1,0,1,1,0.6433108320289865,1,0.7533173250396556,1,0.8553613522599499
0,0,0,1,-1.201206041878475,0,0,0,1,0,0,0,0,0,0,-1.1707872017266163,-0.9707253058200508,0,0,1,1,0,0,0,0,1,0,0,0.31047143085521517,0,0.49264678822633134,1,0.625906791072244
0,0,0,0,-0.9974007297780236,1,0,0,0,0,0,1,0,0,1,0.5071399517135622,-0.7107612074281728,0,1,0,1,1,0,0,0,0,1,1,0.5223571818043153,1,0.761435905669756,1,0.8131694104434438
1,0,0,1,-0.6305511679972114,1,0,1,0,0,0,0,0,0,1,-0.4839845115672569,-0.6368639032607744,1,0,1,1,0,0,0,0,1,0,0,0.11448866297280286,0,0.32116540040917085,0,0.36049348790038865
1,0,1,0,1.3667408905872107,1,1,0,1,0,1,1,1,1,1,1.3036980354577106,2.0292625955119,3,2,2,1,1,0,0,1,0,1,0,0.31356192964255186,0,0.38835794222614467,0,0.43566185141386116
1,0,0,0,-1.1604449794583849,1,0,0,0,0,0,0,1,0,1,-0.3176884606812135,-0.9052324413206462,0,1,0,1,0,0,0,0,1,0,0,0.2673160214539717,1,0.5952206461087415,1,0.6750285802258497
1,0,1,0,0.1846700804045935,1,1,0,0,1,1,1,0,2,0,0.979420736229926,0.5164413963762697,2,1,2,1,1,0,0,0,1,0,0,0.051305053759061296,0,0.15807664351734074,0,0.2175253291687584
0,0,0,0,-1.078922854618204,1,1,0,0,0,0,0,0,0,1,0.2992698881060078,-0.833408673449288,0,0,0,1,1,0,0,0,1,0,1,0.6997396585963371,1,0.8105952928808132,1,0.8162855005689771
1,0,0,0,-0.1006573565360382,1,1,1,1,0,0,0,1,0,1,0.979420736229926,0.1717711344014631,2,1,2,1,1,0,1,0,0,0,0,0.3795316763081993,1,0.5462231962373578,1,0.6183184837473976
1,0,0,0,-0.3859847934766699,1,0,0,0,0,0,1,1,1,1,0.0015999570199903,-0.3443629321384744,1,2,0,1,0,0,0,0,0,0,0,0.15467783204011606,0,0.35202023802592136,0,0.39704789772276466
0,0,1,0,1.3259798281671205,1,0,1,0,1,1,0,0,2,0,-0.1979553040432621,0.691214035456359,3,0,3,1,0,0,1,0,0,0,0,0.018849519464780154,0,0.11402919902093453,0,0.01530001819713607
1,1,1,0,0.3069532676648642,1,0,1,1,1,1,1,0,1,1,1.1074686954121795,0.8057879452609764,2,1,4,1,1,0,1,0,0,0,0,0.09059891589033481,0,0.20336474510479335,0,0.3317684801581231
1,0,1,1,1.570546202687662,1,1,0,1,0,1,0,0,2,1,0.6634582395464431,1.7038497504141492,3,0,2,1,1,0,0,1,0,0,0,0.03863830048439176,0,0.1476245303386042,0,0.12205487918322488
1,0,1,1,1.3259798281671205,1,1,0,0,0,0,0,0,2,0,-1.3337573315949391,-0.2537891020156868,3,0,0,0,0,1,1,0,0,0,0,0.015881334786775475,0,0.010669842808890806,0,0.009130940156624428
0,0,1,1,-1.2827281667186554,1,0,0,0,0,0,0,0,0,1,-1.4867496984100992,-1.0015636434994608,0,0,0,0,0,1,1,0,0,1,0,0.27435896638124413,0,0.39250608552238986,0,0.40021076499882824
1,1,0,0,1.3259798281671205,1,1,1,0,1,1,1,1,2,1,1.5132310595741254,2.1863881171788786,3,2,3,1,1,0,0,1,0,0,0,0.1619577428287578,0,0.4122676262656193,0,0.29424381082416057
0,0,0,0,-1.201206041878475,1,0,0,0,0,0,0,0,0,0,-1.5000533824809827,-0.9844900574022768,0,0,0,0,0,1,0,1,0,1,0,0.22100919787708942,0,0.29419563872816357,0,0.4483231851578038
0,0,1,1,-1.2827281667186554,1,0,0,0,1,0,0,0,0,0,-0.4789956300406754,-0.98819595205903,0,0,1,1,0,0,0,0,1,1,1,0.5981342933084892,1,0.7332255466788523,1,0.5072758561432887
1,0,1,1,0.1846700804045935,0,0,1,0,1,1,0,0,1,1,-0.8199025343570646,-0.3375026152441279,2,0,3,1,0,0,0,1,0,0,0,0.07360460731742187,0,0.21249210497945945,0,0.18953654976707943
1,0,0,1,1.570546202687662,1,1,1,1,0,0,0,0,1,1,0.6850767261616291,1.6493863342979382,3,0,2,1,1,0,1,0,0,0,0,0.03638354483798263,0,0.09268336685493724,0,0.1505046210199665
1,0,1,0,0.1439090179845032,0,0,1,0,1,0,0,0,1,0,-0.9812097037165268,-0.4290029190311037,2,0,2,1,0,0,0,0,1,0,0,0.0516531842467579,0,0.11562754828252535,0,0.15496025854032017
1,0,0,0,-0.8343564800976626,1,0,0,0,0,0,1,0,0,1,0.5520398854527943,-0.6080991018774048,0,1,0,1,1,0,0,1,0,0,1,0.5979341671768318,1,0.7929522067818854,1,0.847919323168273
1,0,0,0,-1.201206041878475,1,0,0,0,0,0,1,0,0,0,-0.3226773422077947,-0.9402399104889032,0,1,0,1,0,0,0,0,1,1,0,0.37368446081971757,1,0.6970631936600458,1,0.5996948580447901
0,0,0,0,-0.7528343552574821,1,0,0,1,0,0,0,1,0,1,0.7133470548122562,-0.4894442961710057,1,1,1,1,1,0,0,1,0,1,1,0.5964500455726488,1,0.7492244115797037,1,0.809377725783788
1,1,0,0,-1.2827281667186554,1,0,0,0,0,0,0,0,0,1,0.1545923238351501,-0.9797915123910363,0,0,0,1,1,0,0,0,0,1,1,0.8073235912305639,1,0.8900891105880685,1,0.8446467585850186
0,0,1,1,-0.7528343552574821,1,0,1,1,0,1,0,0,0,0,-0.1796627384457972,-0.6659595880956396,1,0,3,1,0,0,0,0,0,0,0,0.12324016153153586,0,0.27742436873123977,0,0.2375176867165216
1,0,1,0,0.1439090179845032,1,1,0,0,0,0,1,1,0,1,1.002702183353972,0.5073090131149854,2,2,0,1,1,0,0,0,0,0,0,0.360063721472538,1,0.6990619428003005,1,0.7566380092020997
1,0,1,1,0.103147955564413,1,0,0,0,0,0,0,0,2,0,-1.475108974848076,-0.6754449137051863,2,0,0,0,0,1,0,0,0,0,0,0.015399187230237501,0,0.005876473192751472,0,0.02503882439865948
1,0,0,0,0.6330417670255862,1,0,0,0,0,0,0,0,1,0,-1.4934015404455407,-0.5672901428595877,2,0,0,0,0,1,0,0,0,0,0,0.026120511211042304,0,0.03878893988074914,0,0.03757858183154754
0,0,1,1,1.1629355784867594,1,0,0,0,0,0,0,0,1,0,-1.5216718690961684,-0.5058340564684318,3,0,0,0,0,1,1,0,0,0,0,0.11312022732323126,0,0.05052510751479339,0,0.014970037993652782
1,0,1,0,-0.9158786049378432,1,0,0,0,0,0,0,0,0,1,0.181199691976917,-0.6847758270373682,0,0,0,1,1,0,0,1,0,1,1,0.5035642493840365,1,0.7919148656628198,1,0.8265065341315239
1,0,0,0,-0.8751175425177529,1,0,0,0,0,0,0,0,0,0,-0.6536064834710211,-0.7933938347150609,0,0,0,1,0,0,1,0,0,0,0,0.1429164089911346,0,0.49803812282552223,0,0.48342372482255974
1,1,1,0,-1.201206041878475,1,1,0,0,0,0,1,1,0,1,0.9893984992830884,-0.8871220870754419,0,2,0,1,1,0,0,1,0,1,1,0.8590743401805078,1,0.9156305168899401,1,0.9334854698607812
0,0,0,0,1.1221745160666692,0,0,1,0,1,0,0,1,1,1,-0.6785508911039276,0.2133300959093375,3,1,2,1,0,0,0,1,0,0,0,0.08181436158981352,0,0.17963238556126335,0,0.16669676007818457
0,0,0,0,0.9998913288063984,1,1,1,1,0,1,0,0,0,1,0.7549210675337671,1.144634658489457,3,0,3,1,1,0,0,0,0,0,0,0.1502124721500463,0,0.17875792128054183,0,0.32152946596350657
0,0,0,0,0.6330417670255862,1,1,1,1,1,0,1,1,1,1,0.6185583058072116,0.7047802569676873,2,2,3,1,0,0,1,0,0,0,0,0.09832384861013262,0,0.20268162355715158,0,0.19493642803580574
1,0,0,0,-0.7935954176775724,1,0,0,0,0,0,0,0,1,0,-1.510031145534145,-0.8912471007707563,1,0,0,0,0,1,0,0,1,0,0,0.02904486431236365,0,0.023714882274714823,0,0.13879198636286663
0,0,1,1,1.1629355784867594,1,1,0,0,0,0,0,0,2,1,-1.3520498971924038,-0.3728630267606472,3,0,0,0,0,1,0,0,1,0,0,0.01155158880937305,0,0.014677000472194978,0,0.013811099704768655
1,0,1,0,0.755324954285857,0,0,0,1,0,0,0,0,0,1,-1.1574835176557332,-0.335693785709284,3,0,1,1,0,0,1,0,0,0,0,0.15896740493806208,0,0.2990946261408887,0,0.24258520120116678
0,0,0,0,0.266192205244774,1,0,1,0,1,1,1,0,1,1,1.0209947489514366,0.6187505595787757,2,1,3,1,1,0,0,1,0,1,0,0.09225191557682039,0,0.4401136169251948,0,0.38266227581454326
1,0,1,0,1.5297851402675715,0,0,1,0,1,1,0,0,2,1,-0.8548247050431339,0.1775285064574904,3,0,3,1,0,0,1,0,0,0,0,0.025485499195787978,0,0.07033275296798247,0,0.02437418979271367
1,0,1,1,0.8368470791260375,1,0,0,0,0,0,0,0,2,1,-1.5116941060430058,-0.5205914584051452,3,0,0,0,0,1,0,0,1,0,0,0.014864786689242867,0,0.11590655205974228,0,0.014368648785312806
1,0,0,0,-0.8751175425177529,1,0,0,0,0,0,0,0,1,0,-1.5083681850252848,-0.9103942231639808,0,0,0,0,0,1,0,0,1,0,0,0.0308557335457909,0,0.04058111202290107,0,0.16713489430347564
1,0,1,0,-0.3859847934766699,1,1,0,1,1,0,0,0,0,0,0.6451656739489785,-0.1421710843777655,1,0,2,1,1,0,0,1,0,0,0,0.35379827140758924,1,0.6357764613833752,1,0.7147487373251806
1,1,0,0,-1.2827281667186554,1,0,0,0,0,0,0,0,0,0,0.1412886397642664,-0.9799679835651676,0,0,0,1,1,0,0,1,0,1,1,0.8425121118158163,1,0.8788044341635683,1,0.8473425388318655
1,0,0,0,-1.078922854618204,1,1,0,0,0,1,0,1,0,1,0.7682247516046508,-0.7800040843778636,0,1,1,1,1,0,0,0,0,0,1,0.6903689417728386,1,0.84306844170546,1,0.8210999055202648
0,1,0,0,0.8368470791260375,1,0,1,1,0,1,0,1,1,1,1.0609058011640873,1.2865616002843947,3,1,3,1,1,0,0,0,1,0,0,0.14616716616693026,0,0.23759054306827515,0,0.2622847956512318
0,0,0,0,0.3884753925050447,1,1,1,0,1,0,1,1,0,1,1.3419461271615007,0.9310604199972916,2,2,2,1,1,0,0,1,0,1,1,0.5098951605393903,1,0.6196302108572492,1,0.7399366283845187
0,0,0,0,-0.9566396673579334,1,0,0,0,0,0,1,0,0,1,0.4256548867794013,-0.6953861563820006,0,1,0,1,1,0,0,0,0,1,0,0.49242353624488366,1,0.7504358155975563,1,0.8062944608552535
1,0,0,0,1.5297851402675715,1,1,1,1,1,1,1,1,2,1,1.6662234263892857,2.391579974899817,3,2,4,1,1,0,0,0,0,0,0,0.48255433597795927,0,0.3057167822378996,0,0.15719251066480833
0,1,1,0,1.5297851402675715,1,1,0,0,0,0,0,0,2,1,0.3591364664249838,1.3769369003362846,3,0,0,1,1,0,1,0,0,0,0,0.11403308919142652,0,0.1548191429919318,0,0.1537793977425099
0,0,1,1,1.6113072651077522,1,1,1,1,1,1,0,1,2,1,0.4871844256072372,1.4873637375488211,3,1,4,1,0,0,0,0,0,0,0,0.01592137036438841,0,0.012579426063542893,0,0.030002755108718433
1,0,0,0,-1.2827281667186554,1,1,0,0,0,0,0,1,0,1,0.7233248178654187,-0.9722473696969318,0,1,0,1,1,0,0,1,0,1,1,0.8664860217051897,1,0.9418167681175865,1,0.9060431813501619
1,0,1,1,0.0216258307242325,1,0,0,1,1,1,1,1,2,0,0.5736583720679795,0.1379769045553573,2,2,3,1,0,0,1,0,0,0,0,0.03292332566212227,0,0.07718514144308966,0,0.07859995513676671
1,0,1,1,0.8776081415461278,1,1,0,0,0,0,0,0,2,1,-1.3570387787189853,-0.4674074583013845,3,0,0,0,0,1,0,0,0,0,0,0.01623978447258757,0,0.018691723559416826,0,0.01879001213011532
1,0,1,1,1.6113072651077522,1,1,0,0,0,0,0,0,2,0,-1.3337573315949391,-0.1902594793284905,3,0,0,0,0,1,1,0,0,0,0,0.011154020858128279,0,0.010669842808890806,0,0.007020078618270346
0,0,1,0,0.0216258307242325,0,0,1,0,1,1,1,1,2,0,-0.1763368174280765,-0.1209063078949677,2,2,3,1,0,0,0,0,0,0,0,0.028136325694722963,0,0.08782356452235138,0,0.12149461767564548
1,0,1,1,0.8776081415461278,1,1,0,1,0,1,1,0,1,1,0.1945033760478006,0.6527874372893118,3,1,2,1,0,0,0,1,0,0,0,0.08084530895582576,0,0.09574230652681988,0,0.1524109762785476
0,0,1,0,0.103147955564413,1,0,0,0,0,0,0,0,0,1,0.181199691976917,0.0556751607199652,2,0,0,1,1,0,0,1,0,1,0,0.41293138842172766,1,0.6510960326427865,1,0.6437118868434458
0,0,1,0,0.6330417670255862,1,0,0,0,1,1,1,1,0,1,1.170661194748876,1.1222007604780404,2,2,2,1,1,0,1,0,0,0,0,0.3325805442741287,0,0.4601886844577915,1,0.576367100448268
1,0,1,0,-0.7528343552574821,1,1,0,0,0,1,1,0,0,1,0.0581406143212447,-0.5783195912427815,1,1,1,1,0,0,1,0,0,0,0,0.2065287090297716,0,0.47938594160605663,1,0.5597041689546909
0,0,1,1,0.103147955564413,1,1,0,0,0,0,0,0,2,0,-1.3487239761746832,-0.6479815872310337,2,0,0,0,0,1,0,0,0,0,0,0.016914155608139473,0,0.010911271722261388,0,0.031375824374721
1,0,0,0,-1.2419671042985652,1,0,0,0,0,0,0,0,0,1,-0.660258325506463,-0.9679017670339536,0,0,0,1,0,0,0,0,1,1,0,0.3890498007069088,1,0.7304267095373227,1,0.6358375430722205
1,0,1,0,1.081413453646579,1,1,0,0,0,0,0,1,1,0,0.6884026471793497,1.2327820099679414,3,1,0,1,1,0,0,1,0,1,0,0.12933612889629598,0,0.2095603556018299,0,0.3798644540450186
1,0,0,0,-1.2827281667186554,1,0,0,0,0,0,0,0,0,0,-1.5000533824809827,-1.001740114673592,0,0,0,0,0,1,0,0,1,0,0,0.40099988295065075,1,0.691288202197193,0,0.37900977607284336
1,1,1,0,0.8368470791260375,1,1,0,1,1,0,1,1,0,1,1.2970461934222688,1.409628185344071,3,2,2,1,1,0,0,1,0,1,1,0.5769523292915991,1,0.752506304526492,1,0.7631964754015595
1,0,1,1,-0.3044626686364894,1,0,0,0,0,0,1,1,1,1,0.8497098165388122,-0.0493031289912735,2,2,0,1,1,0,0,1,0,1,0,0.22178135077837596,1,0.6162758034667973,1,0.6184385676836793
0,0,1,1,1.570546202687662,1,1,0,0,0,0,0,0,2,0,-1.3620276602455663,-0.2765538834785988,3,0,0,0,0,1,1,0,0,0,0,0.011497632817596352,0,0.0007697927130176676,0,0.00682451174156909
1,0,1,0,0.3069532676648642,1,0,0,1,1,0,0,0,1,0,0.5304213988376084,0.3716467980017015,2,0,2,1,1,0,0,1,0,0,0,0.10695289862710398,0,0.24022986653740463,0,0.34569248094361704
0,1,0,0,1.6113072651077522,1,1,1,1,1,1,0,1,2,1,1.41511638955136,2.408124147474607,3,1,4,1,1,0,0,0,0,0,0,0.056352170007241076,0,0.05800439799073364,0,0.15295582227942797
1,0,0,1,-0.4267458558967602,1,1,0,1,0,0,1,0,0,1,0.8064728433084405,-0.1504211117683943,1,1,1,1,1,0,1,0,0,0,0,0.30330962528076083,1,0.6073603167150654,1,0.7163314353694612
1,0,1,0,0.3069532676648642,1,0,0,1,1,0,0,0,0,1,0.5038140306958415,0.3875292036735006,2,0,2,1,1,0,0,1,0,0,0,0.3418280847802404,1,0.5987280992698405,1,0.6022025480711858
0,0,0,0,-0.6713122304173017,1,0,0,0,0,0,0,0,1,0,-1.4884126589189597,-0.8797985333490012,1,0,0,0,0,1,0,0,1,0,0,0.030952795406838676,0,0.013002074549309812,0,0.12293687157432207
0,0,1,1,-0.9158786049378432,1,0,0,0,1,1,0,0,0,0,-0.3210143816989341,-0.7773570167658971,0,0,2,1,0,0,1,0,0,1,0,0.1226852403757188,0,0.3560099185290311,0,0.3671052961592464
0,0,0,0,-0.0598962941159479,1,0,0,0,0,0,0,0,1,0,-1.460142330268332,-0.7090185545836282,2,0,0,0,0,1,0,0,1,0,0,0.02523210407641127,0,0.035254970808327096,0,0.06574549604212379
0,0,0,0,-0.9566396673579334,1,1,0,0,0,0,1,1,0,0,0.982746657247647,-0.6322535938365993,0,2,0,1,1,0,0,1,0,1,1,0.7231796631730552,1,0.8488094312564018,1,0.8761247355391348
0,0,0,0,-1.1196839170382944,1,0,0,0,0,0,0,0,0,0,-1.4734460143392158,-0.9680561793113182,0,0,0,0,0,1,1,0,0,0,0,0.10137810881451449,0,0.1546320749923224,0,0.33531604297711015
0,0,0,0,-0.2229405437963089,1,0,0,0,1,1,0,1,0,1,0.8097987643261616,0.0411383477509156,2,1,2,1,1,0,0,1,0,0,0,0.36527390345750593,1,0.6103841479476704,1,0.6961272596718836
0,0,0,0,-1.2827281667186554,0,0,0,0,0,0,0,0,0,1,-1.322116608032916,-0.9993798127195884,0,0,0,1,0,0,0,0,1,1,1,0.5145507247883202,1,0.7182999876622476,1,0.768918794754062
0,0,1,0,1.6113072651077522,1,1,1,1,1,0,1,1,2,1,0.5919509376654447,1.6010332325860168,3,2,3,1,0,0,1,0,0,0,0,0.018688385858277725,0,0.020924442975117117,0,0.055264040631683414
1,0,1,1,1.1629355784867594,1,0,0,1,0,1,1,1,1,1,1.117446458465342,1.7006732692797897,3,2,2,1,1,0,0,0,0,0,0,0.11893293916367118,0,0.25927015791670377,0,0.2717594281209861
0,0,0,0,-0.5490290431570309,1,0,0,0,0,0,0,0,1,0,-1.4834237773923784,-0.8411954640078229,1,0,0,0,0,1,1,0,0,0,0,0.024396759767937457,0,0.01036234819583341,0,0.10982263392459324
0,0,0,0,0.9591302663863084,1,0,0,1,0,0,0,0,0,1,0.2992698881060078,0.7952217337098766,3,0,1,1,1,0,0,1,0,1,0,0.3078163761328129,1,0.5141600890222662,0,0.4588903261115348
0,0,0,0,1.4482630154273912,1,1,1,1,0,1,1,1,2,0,1.5099051385564046,2.2010352246317604,3,2,3,1,1,0,1,0,0,0,0,0.0948021390417691,0,0.23917349223336032,0,0.1133356105569748
1,0,0,0,-0.8343564800976626,1,1,1,1,0,1,0,0,0,1,0.0797591009364305,-0.6432609833230267,0,0,3,1,0,0,0,1,0,0,0,0.2771381451113797,0,0.38162563436074715,1,0.5464405975697512
1,0,1,1,-0.1006573565360382,1,1,1,1,1,1,0,0,0,0,0.0913998244984534,-0.1280092726537445,2,0,4,1,0,0,0,1,0,0,0,0.1342692331821803,0,0.35363340327836246,0,0.2406324277483232
0,0,1,1,0.4699975173452252,1,0,1,0,0,1,0,0,0,0,-0.2860922110128651,0.0569986945259485,2,0,2,1,0,0,0,0,0,0,0,0.09394101147862066,0,0.16532786749398531,0,0.11251641046398705
0,0,0,0,1.6113072651077522,1,1,0,1,1,1,1,1,2,1,1.4367348761665455,2.433646291033318,3,2,3,1,1,0,1,0,0,0,0,0.030188788554430187,0,0.15057466344691595,0,0.18445075125137472
0,0,0,0,-0.8751175425177529,1,1,0,0,0,0,0,1,0,1,-0.1962923435344015,-0.7450407330031392,0,1,0,1,0,0,0,0,1,0,0,0.23087911104624864,0,0.451405582863668,1,0.6760903352550346
0,0,0,0,-1.1604449794583849,1,0,0,0,0,0,0,0,0,0,0.1845256129946381,-0.8864823790692167,0,0,0,1,1,0,0,1,0,1,0,0.4986578524891202,1,0.7747118549250811,1,0.7990868512358891
0,0,0,0,0.4699975173452252,1,0,0,1,1,0,1,0,0,1,0.7748765936400926,0.742434793747911,2,1,2,1,1,0,1,0,0,0,0,0.24594279071476394,0,0.46466549513544275,1,0.5509355895603363
0,0,0,1,0.6738028294456765,1,0,0,0,0,0,0,0,1,0,-1.510031145534145,-0.6039961470788567,3,0,0,0,0,1,1,0,0,0,0,0.026228308049748676,0,0.029141267982480575,0,0.02372724677529427
1,0,1,1,1.4890240778474817,1,1,0,0,1,0,1,1,0,1,1.1507056686425507,2.081145120706444,3,2,1,1,1,0,1,0,0,1,0,0.3515475790068857,1,0.5922598792363357,1,0.5395701472025805
0,0,0,0,-1.2827281667186554,1,0,0,0,0,0,0,0,0,0,-1.4784348958657971,-1.001453349015629,0,0,0,0,0,1,0,0,1,0,0,0.2960883987705062,1,0.6327496051976971,0,0.3750027035902152
0,1,0,0,-0.8751175425177529,1,1,1,0,0,0,0,0,0,1,-0.3077106976280507,-0.7542172340579565,0,0,1,1,0,0,0,1,0,0,0,0.3389453703119478,0,0.49651605740828053,1,0.6875602321473373
0,0,1,0,1.570546202687662,1,1,0,0,1,1,1,1,2,1,0.5187806752755855,1.4876063854132513,3,2,2,1,0,0,0,0,0,0,0,0.022308523576919995,0,0.07712468788374234,0,0.06981323919112498
0,0,0,0,1.407501953007301,1,1,0,0,0,0,0,0,2,1,-1.2888573978557074,-0.2341787427903682,3,0,0,0,0,1,0,0,1,0,0,0.016637042236474296,0,0.002587583109868879,0,0.013994614366535119
0,0,0,0,0.429236454925135,1,0,0,1,0,1,0,0,1,0,-0.312699579154632,0.0678957895285439,2,0,2,1,0,0,0,1,0,0,0,0.06368376104126497,0,0.17098612824382212,0,0.11882958867129752
0,0,0,0,0.3477143300849545,1,1,1,0,0,0,0,0,0,1,0.5470510039262128,0.3971910004571784,2,0,1,1,1,0,1,0,0,0,0,0.267256391582774,0,0.49998023340097947,1,0.5059805216988
0,0,1,1,0.6330417670255862,1,1,1,1,0,0,1,1,1,1,1.2770906673159437,1.2120025292140044,2,2,2,1,1,0,1,0,0,1,0,0.24646859797186804,0,0.45399607049329405,0,0.3850536276943505
0,0,1,1,0.7145638918657667,1,1,0,1,1,1,1,1,1,1,0.6418397529312578,0.8267880149825771,3,2,3,1,0,0,1,0,0,0,0,0.10114705771013188,0,0.16248284037243954,0,0.15499890162274116
0,0,0,0,-1.078922854618204,0,0,1,1,0,1,0,1,0,0,-0.4623660249520711,-0.8747470459894985,0,1,3,1,0,0,1,0,0,0,0,0.1511887727412764,0,0.33938073544526604,1,0.5480449259238628
1,1,0,0,-1.2419671042985652,1,0,0,0,0,0,0,0,0,0,-0.6619212860153233,-0.972887077703157,0,0,0,1,0,0,0,0,1,1,1,0.5837545407637694,1,0.6894780871330808,1,0.6182450937027227
0,0,1,0,0.7145638918657667,1,1,1,1,0,1,1,1,0,1,1.4899496124500795,1.3744663038984493,3,2,3,1,1,0,0,0,0,0,0,0.32971621424026204,0,0.4735168687984634,1,0.5233365226888572
0,1,0,0,-1.1196839170382944,1,0,0,0,0,0,0,1,0,0,0.4688918600097724,-0.8435116481682935,0,1,0,1,1,0,0,1,0,1,1,0.5701785290174819,1,0.7982238616185146,1,0.8606717891585851
1,0,1,0,0.6738028294456765,0,0,0,1,0,0,1,1,2,0,-0.5056029981824426,0.0527413274500356,3,2,1,1,0,0,1,0,0,0,0,0.04689719873840757,0,0.2518441357538317,0,0.0990476078563444
0,0,0,0,-1.2419671042985652,1,0,0,0,0,0,0,0,0,0,-1.4800978563746574,-0.990468018425968,0,0,0,0,0,1,0,0,1,0,0,0.11498802440542816,0,0.23647282153735452,0,0.36636915528352537
1,0,0,0,-0.8343564800976626,1,0,0,0,0,0,0,1,0,1,0.5021510701869811,-0.5501283211753382,0,1,0,1,1,0,0,0,0,0,1,0.5384735714181111,1,0.7327526153987246,1,0.8089168495362276
1,0,0,0,-1.2827281667186554,1,0,0,0,0,0,0,1,0,0,-0.3093736581369113,-0.9859459445888584,0,1,0,1,0,0,0,0,1,0,1,0.5608247770754973,1,0.7679397280834839,1,0.6228735370634445
1,0,0,0,-0.3859847934766699,1,0,0,0,0,0,0,0,0,0,-1.463468251286053,-0.8013791553444931,1,0,0,0,0,1,0,1,0,0,0,0.07207885744882109,0,0.185144176597309,0,0.25291371566189536
0,0,0,0,-1.038161792198114,0,0,0,0,0,0,0,0,0,0,-1.3237795685417766,-0.9266516300808086,0,0,0,1,0,0,0,0,0,0,0,0.16039285397353428,0,0.48042515237872296,1,0.6718400498949068
1,0,1,1,-0.1414184189561284,0,0,1,1,1,1,0,1,1,1,-0.3160255001723529,-0.2882671576615506,2,1,4,1,0,0,1,0,0,0,0,0.06370894289777204,0,0.19112641217643603,0,0.20015216783385884
1,0,0,0,-1.1604449794583849,1,0,0,0,0,1,1,0,0,1,-0.1181331996179612,-0.9004236018255736,0,1,1,1,0,0,0,1,0,0,0,0.42067238565829956,1,0.5317633802765895,1,0.6904690549311824
1,0,1,0,0.429236454925135,1,0,1,0,1,1,0,0,1,1,0.6451656739489785,0.5509856287124328,2,0,3,1,1,0,0,0,0,0,0,0.05378567914120638,0,0.2217579429286099,0,0.23052289326615805
1,0,0,1,-0.4267458558967602,1,0,0,1,1,0,1,0,0,1,0.8164506063616035,-0.1274357413378185,1,1,2,1,1,0,0,1,0,1,0,0.3869577169859255,1,0.6654526827372135,1,0.7427353588727522
0,1,1,0,0.1846700804045935,1,1,0,0,0,0,0,0,0,1,0.387406795075611,0.2549111163139782,2,0,0,1,1,0,0,1,0,1,1,0.5836078443884557,1,0.7397699511428761,1,0.7512045896572505
1,0,0,0,1.407501953007301,1,0,0,0,0,0,0,0,2,1,-1.4983904219721222,-0.4319367523010333,3,0,0,0,0,1,0,0,1,0,0,0.014615288640671206,0,0.01045040401286195,0,0.010030933626032086
0,0,1,1,1.570546202687662,1,0,1,1,1,1,0,0,2,0,-0.0266703716306373,0.9717149667377438,3,0,4,1,0,0,1,0,0,0,0,0.012376934324766772,0,0.05885043407273123,0,0.010280174909547036
0,0,1,0,-0.2637016062163992,0,0,1,1,1,0,1,0,1,0,-0.5654695765014182,-0.4852310468886258,2,1,3,1,0,0,0,0,0,0,0,0.060171411406756005,0,0.1581819532784667,0,0.2282063357565025
0,0,1,0,1.6113072651077522,1,1,0,0,0,0,0,0,2,0,-1.3038240424354517,-0.1779506149328461,3,0,0,0,0,1,0,0,0,0,0,0.011897332785149355,0,0.003658007764119411,0,0.008868220446710626
0,0,0,0,0.266192205244774,1,0,0,0,0,0,0,0,2,0,-1.4867496984100992,-0.6460404043155915,2,0,0,0,0,1,0,0,1,0,0,0.014338743054859434,0,0.0058914876663106585,0,0.02416186253450475
0,0,1,0,1.24445770332694,1,1,0,0,0,1,0,0,1,1,0.5437250829084921,1.180039187799509,3,0,1,1,1,0,1,0,0,0,0,0.05891014503427887,0,0.11957981869230659,0,0.2135895089385984
1,0,1,0,0.8368470791260375,0,0,0,1,1,1,1,1,1,1,-0.1464035282685885,0.3943674616710808,3,2,3,1,0,0,0,1,0,1,0,0.1190731264279002,0,0.24610821291686988,0,0.2572609525024613
1,0,0,0,-0.3044626686364894,1,0,1,0,1,1,1,1,0,1,1.3519238902146633,0.1745726142907945,2,2,3,1,1,0,0,1,0,0,1,0.5803036105210488,1,0.5958758901582337,1,0.7010191572659686
0,0,1,1,1.6113072651077522,1,1,1,1,1,0,1,1,2,1,0.6235471873337927,1.6186582911023604,3,2,3,1,0,0,1,0,0,0,0,0.017556172281235845,0,0.024396357239714308,0,0.047282779214562885
0,0,0,0,-1.201206041878475,1,0,1,1,0,0,0,0,0,1,0.4738807415363535,-0.901703017838024,0,0,2,1,1,0,0,1,0,1,0,0.4280882385277166,1,0.6511461914520238,1,0.7773943664688292
1,0,0,0,-1.2419671042985652,1,0,0,0,0,0,0,0,0,0,-0.6718990490684861,-0.9774091515402664,0,0,0,1,0,0,0,0,1,1,0,0.38090693898681693,1,0.6559635602250818,1,0.5588205264765024
1,0,1,1,-0.1821794813762187,1,1,0,0,0,0,1,1,1,0,0.9095763948577876,0.1225577357156524,2,2,0,1,1,0,0,0,0,0,0,0.22288292457886924,0,0.4636525586624285,1,0.5067689897150832
1,0,1,1,0.266192205244774,1,1,0,0,0,0,0,0,2,0,-1.318790687015195,-0.574591637689262,2,0,0,0,0,1,0,0,1,0,0,0.015816752234220615,0,0.018557353728427897,0,0.027046415453605255
1,0,1,1,1.6113072651077522,1,0,0,0,0,0,0,0,2,0,-1.4800978563746574,-0.412921983288407,3,0,0,0,0,1,0,1,0,0,0,0.016713964929507857,0,0.022150304514762343,0,0.007309298883180406
0,1,1,0,0.266192205244774,1,0,1,1,0,0,1,1,1,0,1.1390649450805277,0.7004125954079425,2,2,2,1,1,0,0,0,1,0,0,0.18613781656638662,0,0.25829429709873053,0,0.3829163980036653
1,1,0,0,0.7960860167059473,0,0,0,1,0,0,1,1,0,1,-0.5222326032710469,0.1149474163312487,3,2,1,1,0,0,0,1,0,1,0,0.4403462254515177,1,0.609243863300815,1,0.5322733241160268
1,1,1,0,1.570546202687662,1,1,0,0,0,0,0,0,2,0,-1.310475884470893,-0.2208992869370028,3,0,0,0,0,1,1,0,0,0,0,0.013899079715521354,0,0.0012838778966101022,0,0.010954446986888324
1,0,0,0,-0.9566396673579334,1,1,0,1,0,0,1,1,0,1,1.1457167871159692,-0.6051211508139425,0,2,1,1,1,0,1,0,0,0,1,0.8354324725596111,1,0.8932677140906301,1,0.8554734217792506
0,0,0,1,-1.2827281667186554,1,0,1,0,0,0,0,0,0,0,-0.4972881956381404,-0.9884385999234602,0,0,1,1,0,0,0,0,1,0,0,0.3040540322395105,0,0.4579734032957251,0,0.43197428360700685
1,0,1,1,0.3477143300849545,1,0,0,0,0,0,0,0,1,0,-1.5083681850252848,-0.658305150917703,2,0,0,0,0,1,0,0,0,0,0,0.026228308049748676,0,0.020943041175125705,0,0.03988653127354164
0,0,0,0,-0.8751175425177529,1,0,1,0,0,0,0,0,0,0,0.3840808740578904,-0.6404374445369291,0,0,1,1,1,0,0,1,0,0,0,0.33462617526610033,1,0.6283724005510023,1,0.7049593275778647
0,0,0,0,-0.4267458558967602,1,1,0,0,0,0,1,0,0,1,0.6418397529312578,-0.2066492396259164,1,1,0,1,1,0,0,0,0,0,0,0.3807327565237961,1,0.6285448398257054,1,0.7762095343227515
1,0,1,0,-0.5897901055771212,1,1,0,1,0,0,0,0,0,0,-0.2677996454154004,-0.5363415106963458,1,0,1,1,0,0,1,0,0,0,0,0.09864051682118184,0,0.25482971632036144,0,0.43769351361214964
0,0,1,0,-0.9566396673579334,1,0,0,0,0,0,0,1,0,1,0.4954992281515393,-0.6711434288357407,0,1,0,1,1,0,0,1,0,0,1,0.5823734031873424,1,0.8428284945393013,1,0.8596916491795148
0,0,1,1,0.7960860167059473,1,0,1,0,1,1,0,0,0,1,0.6385138319135366,0.8984353116798044,3,0,3,1,1,0,0,0,0,0,0,0.14362576065369034,0,0.22911552306362676,0,0.2672543968665696
0,0,0,1,-0.2637016062163992,1,0,0,1,1,1,1,1,2,1,1.350260929705803,0.1874770688991313,2,2,3,1,1,0,0,1,0,0,0,0.16057634262576237,0,0.36179247484430244,0,0.3494843348460685
1,1,1,0,-1.038161792198114,1,1,0,0,0,0,0,0,0,1,0.3175624537034729,-0.7775555468367945,0,0,0,1,1,0,0,0,1,1,1,0.7177062773721994,1,0.8476100613398555,1,0.8501666795753628
1,0,0,0,0.3477143300849545,1,1,0,0,1,0,0,0,0,1,-0.3043847766103298,-0.0232956897037024,2,0,1,1,0,0,0,0,0,0,0,0.12622838288696367,0,0.2719282990471264,0,0.34735303233154907
1,0,0,0,-0.9158786049378432,1,0,1,1,1,0,1,1,0,1,1.315338759019734,-0.5333415007361172,0,2,3,1,1,0,0,1,0,1,1,0.7143264815043333,1,0.759697987485729,1,0.824261461643092
1,0,0,1,-0.7935954176775724,1,0,0,0,0,0,0,0,0,0,-0.6935175356836717,-0.7195627072379616,1,0,0,1,0,0,0,0,1,0,0,0.11738923908597822,0,0.2466007335901946,0,0.39717357345432525
1,0,0,0,0.429236454925135,1,0,1,1,1,1,0,0,1,1,0.8580246190831143,0.7023317194266184,2,0,4,1,1,0,1,0,0,0,0,0.03711008158814231,0,0.15289146782602342,0,0.21450538303585312
0,0,1,0,1.2852187657470302,1,1,0,1,0,1,1,1,2,1,1.3485979691969427,1.9872403971719312,3,2,2,1,1,0,0,0,0,0,0,0.03811626562564571,0,0.22275543407094978,0,0.21750309618478156
0,0,0,0,-0.7935954176775724,0,0,0,0,1,0,1,1,0,0,-0.5222326032710469,-0.7239524276944725,1,2,1,1,0,0,0,1,0,0,0,0.373346863063776,1,0.6382589475454091,1,0.7558995889785728
1,0,1,1,0.0623868931443227,1,0,0,0,0,0,0,0,0,0,-1.4651312117949136,-0.7299083298213973,2,0,0,0,0,1,0,0,1,0,0,0.045715159579840334,0,0.023707381245838197,0,0.09728148797593499
0,0,1,1,0.3477143300849545,1,0,0,1,0,1,0,1,1,1,0.054814693303524,0.1933447354389902,2,1,2,1,0,0,0,0,0,1,0,0.08055902347356031,0,0.19989839429155581,0,0.13838941259658163
1,1,1,0,-0.1006573565360382,1,1,0,0,0,1,1,1,0,1,1.2188870495058286,0.276749424112702,2,2,1,1,1,0,0,1,0,0,1,0.626247788097971,1,0.7306839320279969,1,0.8272455507848641
0,0,1,0,-0.2637016062163992,1,0,0,1,0,1,1,1,0,1,0.2726625199642409,-0.1459652146215841,2,2,2,1,0,0,0,1,0,0,0,0.13993871586315706,0,0.3181327049138763,1,0.5119780590848684
1,0,0,0,0.6738028294456765,0,0,0,0,1,0,0,0,0,1,-1.1524946361291517,-0.369377721071558,3,0,1,1,0,0,0,0,0,0,0,0.18404211669755186,0,0.35303449882602345,0,0.2860557419375256
1,1,1,0,-0.0191352316958577,1,1,0,0,0,0,0,1,0,0,0.6800878446350476,0.163565224804367,2,1,0,1,1,0,0,1,0,1,1,0.5021289112416898,1,0.6951427402626937,1,0.7672789012268971
1,0,0,0,-0.1006573565360382,1,0,0,0,0,0,1,1,0,1,0.8447209350122307,0.2051462452090076,2,2,0,1,1,0,0,1,0,1,1,0.5038330686069172,1,0.6826635672152856,1,0.790475350404067
0,0,0,1,-0.8751175425177529,0,0,0,0,0,0,0,0,0,0,-1.318790687015195,-0.8688132027593402,0,0,0,1,0,0,0,1,0,0,0,0.236309131376915,1,0.5440750505676856,1,0.6761646012460515
0,0,1,1,1.1629355784867594,1,1,0,0,0,0,0,0,2,1,-1.3553758182101248,-0.3259216944417744,3,0,0,0,0,1,0,0,1,0,0,0.01155158880937305,0,0.014677000472194978,0,0.014164231315700247
0,0,1,0,1.1629355784867594,1,0,1,1,0,1,0,1,1,0,0.9594652101236008,1.575158146679044,3,1,3,1,1,0,0,0,0,0,0,0.1978067638300331,0,0.24386281917630975,0,0.14827236542041752
0,0,0,0,-1.078922854618204,1,0,1,1,1,1,0,1,0,1,1.1074686954121795,-0.760106959494582,0,1,4,1,1,0,0,0,0,1,1,0.5195249799704522,1,0.7390880896422712,1,0.6811115855812813
0,0,0,0,1.2036966409068497,1,1,1,1,1,0,0,0,1,1,0.9045875133312062,1.528878581263163,3,0,3,1,1,0,0,1,0,0,0,0.09564643946937333,0,0.2959379579729378,0,0.29219160896967866
0,0,1,0,0.0623868931443227,1,0,0,0,0,1,0,0,0,0,-0.4873104325849776,-0.209583072895846,2,0,1,1,0,0,0,0,0,0,0,0.08559474557654242,0,0.1643565548238002,0,0.2208874965366598
1,0,1,0,-0.2229405437963089,1,0,1,0,0,0,0,0,1,0,-0.5371992478507907,-0.383208649344083,2,0,1,1,0,0,1,0,0,0,0,0.06443080507261235,0,0.09685464615613248,0,0.12898438065254822
0,0,1,1,0.9998913288063984,1,1,1,0,1,1,1,1,2,1,0.6534804764932807,1.1272301889407763,3,2,3,1,0,0,0,1,0,0,0,0.026230099231608198,0,0.06637599712444929,0,0.08438463117592752
0,0,0,0,-0.8343564800976626,0,0,0,1,1,1,1,1,1,0,-0.1397516862331468,-0.6825258195671967,0,2,3,1,0,0,0,1,0,0,0,0.12237511948151622,0,0.24892145481822697,1,0.5516751760008547
1,0,0,0,-0.0191352316958577,1,1,0,1,0,0,0,0,0,1,0.5154547542578644,0.1349107179048295,2,0,1,1,1,0,0,0,0,1,0,0.3636237631775016,1,0.6089934327939585,1,0.6396466745367032
0,0,0,0,-0.4267458558967602,1,0,0,0,0,0,1,1,0,0,0.811461724835022,-0.1687520549812625,1,2,0,1,1,0,0,1,0,1,0,0.34433739499358,1,0.6653669492841012,1,0.7806043807995241
1,0,1,1,-0.1414184189561284,1,0,1,0,0,0,0,1,0,1,-0.1547183308128906,-0.2012668688149178,2,1,1,1,0,0,0,0,1,0,0,0.1110473469401024,0,0.19988645407142083,0,0.31538573678548437
1,0,0,0,-0.5897901055771212,1,1,0,0,1,1,1,1,1,1,0.5703324510502589,-0.3815762909833703,1,2,2,1,0,0,1,0,0,1,0,0.1274499850261128,0,0.2533489467902399,0,0.4099112715089391
1,0,1,1,-0.8751175425177529,1,0,0,0,0,0,0,0,0,1,-1.4767719353569364,-0.8998059527161149,0,0,0,0,0,1,0,1,0,0,0,0.12013305536634322,0,0.1375897623693871,0,0.4127942259262537
1,0,0,0,1.4890240778474817,0,0,1,1,0,1,1,1,2,1,-0.1597072123394721,0.8322145035871086,3,2,3,1,0,0,0,0,0,0,0,0.04530410761323687,0,0.050698895904866106,0,0.053372329208912654
1,1,0,0,-0.5897901055771212,1,1,1,1,0,0,0,0,0,1,-0.2145849091318664,-0.5847607890985667,1,0,2,1,0,0,1,0,0,0,0,0.18165228742911382,0,0.34184970961307853,0,0.4806152403674
1,0,1,1,1.6113072651077522,1,1,1,0,1,1,0,0,2,1,0.054814693303524,1.112318374726699,3,0,3,1,0,0,1,0,0,0,0,0.014502891083322415,0,0.09453181394779789,0,0.021405405330719475
1,0,1,1,1.5297851402675715,0,0,0,1,1,1,1,1,1,0,-0.1497294492863094,0.815449742044654,3,2,3,1,0,0,0,1,0,0,0,0.10148924429043385,0,0.1595861675492419,0,0.11417820874568865
1,0,0,0,0.5107585797653155,1,0,1,0,0,0,0,0,0,1,-0.4640289854609317,0.0036161643512904,2,0,1,1,0,0,0,0,0,0,0,0.10719561046180474,0,0.21519337053224816,0,0.2080694813385528
1,0,0,0,-1.2827281667186554,1,0,0,0,0,0,0,0,0,0,-1.5150200270607266,-1.0019386447444891,0,0,0,0,0,1,1,0,0,0,0,0.10106209767018133,0,0.24760836996708097,0,0.37361299760418726
1,1,0,0,-0.5897901055771212,1,1,0,1,0,0,0,0,0,1,0.5221065962933062,-0.3876645464908932,1,0,1,1,1,0,1,0,0,0,0,0.4849483819464723,1,0.6877107396945273,1,0.7693322165420046
0,1,0,0,0.9998913288063984,0,0,0,1,1,0,1,1,0,1,-0.327666223734376,0.3545732119045175,3,2,2,1,0,0,0,1,0,0,0,0.34731931402252936,1,0.5041908434651168,0,0.49739577395513745
0,0,1,1,1.2036966409068497,0,0,1,1,0,1,1,0,2,0,-0.5371992478507907,0.3168524984339947,3,1,3,1,0,0,0,0,0,0,0,0.019287652617633922,0,0.04851914662760259,0,0.026332555994365722
0,0,0,0,1.4482630154273912,1,1,1,1,1,1,1,1,2,1,0.7748765936400926,1.7021070975696049,3,2,4,1,0,0,0,1,0,0,0,0.0265379216565233,0,0.04257699774769548,0,0.07724091718861746
1,0,1,1,1.3667408905872107,1,0,1,1,1,1,0,0,2,0,0.0331962066883382,0.7970746810382533,3,0,4,1,0,0,0,0,1,0,0,0.020297312748961283,0,0.04796438263391849,0,0.012115426781162803
1,0,1,1,-1.2419671042985652,1,1,1,0,0,0,0,0,0,0,-0.2711255664331211,-0.9603576243398488,0,0,1,1,0,0,0,0,1,1,0,0.25689119968255386,0,0.4350494369729214,0,0.49011888169671225
0,0,1,1,0.0216258307242325,1,1,1,0,1,0,1,1,1,1,1.2920573118956875,0.5191105228850028,2,2,2,1,1,0,0,0,1,1,0,0.23769181367332556,0,0.3382185924135296,0,0.47393489841790143
1,1,0,0,-1.038161792198114,1,1,0,0,0,0,0,0,0,0,0.2959439670882871,-0.7699452274523908,0,0,0,1,1,0,0,0,1,1,1,0.5830026186884948,1,0.7653654414828912,1,0.8070465870011267
0,0,0,0,-0.712073292837392,1,1,0,0,0,0,0,0,0,1,-0.53387332683307,-0.6927611476668005,1,0,0,1,0,0,0,0,1,0,0,0.2216162274779604,0,0.44242167692598955,1,0.5560830923340679
0,1,0,0,-0.5490290431570309,1,0,1,1,0,1,1,1,0,1,1.335294285126059,-0.1248989682096839,1,2,3,1,1,0,0,0,1,0,1,0.5974714118822809,1,0.5879969493250048,1,0.6991351082631209
1,0,1,0,1.570546202687662,1,1,1,0,1,1,1,1,2,0,0.6102435032629094,1.6922467707150295,3,2,3,1,0,0,0,1,0,0,0,0.027529750925650867,0,0.07339799581854373,0,0.05770106756820349
0,0,1,1,0.918369203966218,1,0,0,0,0,0,0,0,2,0,-1.5116941060430058,-0.5326576749363592,3,0,0,0,0,1,1,0,0,0,0,0.014911438877735132,0,0.01785297183753868,0,0.009231324278533244
1,0,1,1,-0.3044626686364894,1,0,0,0,0,1,1,0,0,0,0.700043370741373,-0.0402810402138209,2,1,1,1,1,0,0,1,0,0,0,0.3175998518711908,1,0.5968279698421665,1,0.5993484487010327
1,1,1,0,-0.9158786049378432,1,0,0,1,1,1,1,0,0,1,0.9195541579109504,-0.5983490695066616,0,1,3,1,1,0,0,0,1,1,1,0.6209634725106953,1,0.8482826842570798,1,0.7680127512814992
1,1,1,1,-0.9974007297780236,1,0,0,0,0,0,1,0,0,1,0.5187806752755855,-0.7530481125293379,0,1,0,1,1,0,1,0,0,1,1,0.553849174841673,1,0.7275324200772214,1,0.8112264542866345
1,0,0,0,1.6113072651077522,1,1,1,1,1,1,1,1,2,1,1.774315859465214,2.7603606110402845,3,2,4,1,1,0,0,1,0,0,0,0.03117654895539409,0,0.14306749009420558,0,0.22964861898630481
1,0,0,0,-1.2827281667186554,1,0,0,0,0,0,0,0,0,1,0.1645700868883126,-0.979659159010438,0,0,0,1,1,0,0,1,0,1,1,0.8547781579314997,1,0.9361191754417145,1,0.8568383075860724
1,0,0,0,-0.5897901055771212,1,1,1,0,1,0,1,0,0,0,0.1545923238351501,-0.4813045632642087,1,1,2,1,0,0,0,0,1,0,0,0.1017114724628926,0,0.19353416241231247,0,0.4301767030526669
0,0,1,1,0.6738028294456765,1,1,0,0,0,0,1,1,0,1,1.022657709460297,1.0999212747439888,3,2,0,1,1,0,0,1,0,1,0,0.48427727750761856,1,0.6232785079767167,1,0.7114627885473883
0,0,0,0,-1.1604449794583849,1,1,0,1,0,0,0,0,0,0,0.4356326498325638,-0.8756514607569204,0,0,1,1,1,0,0,0,0,1,1,0.5201220155980072,1,0.7597192356041801,1,0.7609965246810152
1,0,1,0,-0.0598962941159479,1,0,0,0,1,0,1,1,1,1,0.9627911311413214,0.2865215153802117,2,2,1,1,1,0,0,1,0,0,0,0.47200080140052714,1,0.6162910714816919,1,0.6321606146874242
0,0,1,0,0.918369203966218,1,1,1,1,1,1,1,1,1,1,0.84139501399451,1.1587964702134774,3,2,4,1,0,0,0,1,0,0,0,0.08017352361639822,0,0.12221733925230448,0,0.1838553136280713
0,0,0,0,-1.038161792198114,1,0,0,0,0,0,0,0,0,0,-1.5150200270607266,-0.9465046371705574,0,0,0,0,0,1,0,0,1,0,0,0.09088123875358196,0,0.27693756923254553,0,0.3224996488079638
0,0,1,0,1.6113072651077522,1,1,1,1,0,1,1,1,2,1,0.7166729758299774,1.6626216723577707,3,2,3,1,0,0,0,0,0,0,0,0.017425600424311412,0,0.0208674884111225,0,0.04912374034306499
0,0,1,1,0.6330417670255862,0,0,0,0,0,1,0,0,0,1,-1.1757760832531978,-0.382635118028157,2,0,1,1,0,0,1,0,0,0,0,0.2429057129851451,0,0.2964045669899744,0,0.2224259140014621
1,0,0,0,-1.1604449794583849,1,0,0,0,0,0,0,0,0,1,-0.6669101675419048,-0.9327178266915652,0,0,0,1,0,0,1,0,0,0,0,0.34952297630786583,1,0.7144040309558268,1,0.6152009204189107
0,0,0,0,0.918369203966218,1,1,1,0,1,0,0,0,1,1,0.6451656739489785,1.0144871675677698,3,0,2,1,1,0,1,0,0,0,0,0.06618099843561163,0,0.07832988389737348,0,0.23839100674161212
1,0,1,0,-0.5897901055771212,1,0,0,0,1,0,0,0,0,1,-0.5089289192001635,-0.6229447394011838,1,0,1,1,0,0,0,0,1,1,0,0.115281961010623,0,0.23095430024790622,0,0.46681589633585063
1,0,0,0,-0.5082679807369407,1,0,0,0,0,0,0,0,2,1,-1.501716342989843,-0.8254233528198557,1,0,0,0,0,1,0,0,1,0,0,0.015138028607959837,0,0.00787673322917684,0,0.07538096155165884
1,0,0,0,-0.8751175425177529,1,0,0,0,0,0,0,0,0,0,0.1778737709591963,-0.6751360891504569,0,0,0,1,1,0,0,1,0,0,0,0.4179464160214381,1,0.6337876242253601,1,0.771469585222039
0,0,0,0,-1.2419671042985652,1,0,0,0,0,0,0,0,0,0,-1.5150200270607266,-0.9908650785677628,0,0,0,0,0,1,0,0,1,0,0,0.13077326301657952,0,0.22625362802261198,0,0.3652980122206598
1,0,0,1,-1.2827281667186554,0,0,0,0,0,0,0,0,0,0,-1.3520498971924038,-0.9997768728613836,0,0,0,1,0,0,0,0,1,0,0,0.37511991729599076,1,0.504368725390362,1,0.6738830727495293
1,0,1,0,-1.038161792198114,0,0,1,1,0,0,0,0,0,0,-1.0194577954203168,-0.8972471206912138,0,0,2,1,0,0,0,0,1,0,0,0.19700158540006246,0,0.43217620092589953,1,0.5553677974423519
1,0,1,1,-0.1414184189561284,1,0,0,0,0,0,0,0,0,1,0.196166336556661,-0.1392151922110695,2,0,0,1,1,0,0,1,0,1,0,0.4088238772239934,1,0.5754100591339746,1,0.6421030094128124
0,0,1,0,0.1846700804045935,1,0,0,0,0,0,0,0,0,0,-1.5083681850252848,-0.6552169053704088,2,0,0,0,0,1,0,0,0,0,0,0.05567904772503695,0,0.22086355093737883,0,0.10749931211983554
1,0,1,1,-0.0598962941159479,1,1,0,0,0,0,0,0,2,0,-1.3004981214177305,-0.6770993309626654,2,0,0,0,0,1,0,0,1,0,0,0.017409903066272776,0,0.06839561202831736,0,0.03577159802351412
0,0,1,1,-1.1196839170382944,1,0,0,0,0,1,1,0,0,1,0.6950544892147915,-0.8026806302537101,0,1,1,1,1,0,0,1,0,1,1,0.6824555966826935,1,0.8474597474790777,1,0.8052440964612431
1,0,0,0,-0.6305511679972114,1,0,1,1,0,0,0,0,1,0,-0.2910810925394463,-0.5926799330376998,1,0,2,1,0,0,0,0,1,0,0,0.05061666763957688,0,0.09615757428041868,0,0.17685066321563966
1,0,1,1,-1.1604449794583849,1,0,0,0,0,0,0,0,2,0,-1.5067052245164243,-0.9801003369457656,0,0,0,0,0,1,1,0,0,0,0,0.028915125215002915,0,0.05619166131019766,0,0.09244406148663172
0,0,1,1,-1.038161792198114,0,0,1,0,0,1,0,0,0,0,-1.0044911508405732,-0.9016589000444912,0,0,2,1,0,0,0,0,1,0,0,0.19779509456329014,0,0.40659625694655616,0,0.46618550913436896
0,0,1,1,0.6330417670255862,1,0,1,0,1,0,1,1,1,1,1.159020471186853,1.1853774408169744,2,2,2,1,1,0,0,0,0,0,0,0.1838643974312399,0,0.3105442043718757,0,0.36117510201014585
1,0,1,0,1.1221745160666692,1,0,1,0,0,0,1,0,1,1,-0.1680220148837743,0.5606474254961107,3,1,1,1,0,0,0,0,1,0,0,0.034462226476326185,0,0.13201978347253174,0,0.08179576224286869
0,0,1,1,1.6113072651077522,1,1,0,0,1,0,1,1,2,1,0.3973845581287735,1.4021061015467329,3,2,1,1,0,0,0,0,0,0,0,0.02580818623742859,0,0.11541101305565356,0,0.07110987887325965
0,0,1,1,1.6113072651077522,1,1,0,0,0,0,0,0,2,0,-1.3437350946481017,-0.2564361696276533,3,0,0,0,0,1,0,0,0,0,0,0.011497632817596352,0,0.012233534080009809,0,0.0070823010224298115
1,0,0,0,0.5515196421854057,1,1,1,0,0,0,1,0,0,1,0.8081358038173013,0.8625896044344246,2,1,1,1,1,0,1,0,0,0,0,0.20645015415687226,0,0.4442345677369402,1,0.5662155573601921
1,0,1,1,1.4482630154273912,1,0,0,1,1,1,1,1,1,0,1.3602386927589656,2.220072052541153,3,2,3,1,1,0,1,0,0,0,0,0.16086254098065572,0,0.26667609699273515,0,0.19606501674339358
0,0,0,0,-0.9158786049378432,1,0,0,0,0,0,0,0,0,1,-1.4734460143392158,-0.9277986927126608,0,0,0,0,0,1,0,0,1,0,0,0.10027861466648064,0,0.1435351880339789,0,0.36792039529827897
1,0,1,0,1.1629355784867594,1,1,0,0,0,0,0,0,2,0,-1.310475884470893,-0.3316570076010351,3,0,0,0,0,1,0,0,0,0,0,0.012837629466460629,0,0.002159383969484596,0,0.013246677362170885
1,0,0,0,0.8368470791260375,1,1,0,1,1,1,0,1,2,1,0.3009328486148686,0.7358391836147612,3,1,3,1,0,0,0,0,0,0,0,0.031950317479325197,0,0.06302900957048102,0,0.07416132969136575
0,0,0,1,1.1629355784867594,1,1,0,0,0,0,0,0,2,1,-1.325442529050637,-0.3494144194979772,3,0,0,0,0,1,1,0,0,0,0,0.012356780611656425,0,0.01038647342995169,0,0.013853469450602882
1,0,0,0,0.2254311428246837,1,0,0,0,1,1,0,1,1,1,-0.0848739894407525,0.0284324232134765,2,1,2,1,0,0,0,0,1,1,0,0.08153647358657677,0,0.22040951638107056,0,0.1725966761624716
0,1,0,0,0.7960860167059473,1,1,1,1,1,0,1,1,0,0,1.4383978366754058,1.56571693886303,3,2,3,1,1,0,1,0,0,0,0,0.32257504955663535,0,0.345510597658868,1,0.5539806252343943
1,0,1,1,-0.7935954176775724,1,0,1,0,0,0,0,1,0,0,0.6385138319135366,-0.5272311863318279,1,1,1,1,1,0,0,1,0,1,0,0.38173535014925114,1,0.6367552773065541,1,0.6795616165427044
0,0,0,0,1.2036966409068497,1,1,0,0,0,0,1,1,1,1,0.9694429731767632,1.5294962303726214,3,2,0,1,1,0,0,0,0,0,0,0.18880074590813314,0,0.4854613865149989,0,0.42374147070258983
1,0,0,0,-0.6713122304173017,1,0,0,0,0,0,0,0,0,1,0.1695589684148941,-0.4786133778587095,1,0,0,1,1,0,1,0,0,0,0,0.3930498107767168,1,0.6261186210296676,1,0.7061845478842862
0,0,0,0,1.3667408905872107,0,0,1,1,1,1,1,1,2,1,-0.0782221474053107,0.8144350327934001,3,2,4,1,0,0,0,0,0,0,0,0.022435727654311427,0,0.006932471154170565,0,0.055771194487562535
0,0,0,0,0.266192205244774,1,0,0,1,0,0,1,0,1,1,-0.2079330670964246,-0.0290530617597296,2,1,1,1,0,0,1,0,0,0,0,0.06373227500379315,0,0.20749167405775007,0,0.18062169192907737
1,0,0,0,-1.2827281667186554,1,1,0,0,1,1,0,0,0,0,-0.0931887919850547,-0.983078288009228,0,0,2,1,0,0,0,0,1,1,0,0.3316764492700622,1,0.6127097237270769,1,0.5507682694026829
0,0,0,0,-0.712073292837392,0,0,1,1,1,1,0,0,1,0,-0.6303250363469752,-0.7045185396432851,1,0,4,1,0,0,0,0,1,0,0,0.0640075511975822,0,0.14321941745108077,0,0.22791055141241237
0,1,0,0,-1.1604449794583849,1,1,0,0,1,0,1,0,0,1,0.8097987643261616,-0.8577175776858472,0,1,1,1,1,0,0,1,0,1,1,0.8095232203310551,1,0.9187798047030978,1,0.9118069098551967
0,0,0,0,-1.2827281667186554,1,0,0,0,0,0,0,0,0,0,-0.7001693777191135,-0.9911297853289596,0,0,0,1,0,0,0,1,0,0,1,0.5336280019620199,1,0.7085104066727895,1,0.6526318479501154
0,0,1,1,-0.8343564800976626,1,0,0,0,1,0,1,0,0,1,-0.2162478696407268,-0.683739058889348,0,1,1,1,0,0,1,0,0,0,0,0.17708915522029103,0,0.33232902117746127,1,0.5494701525595846
0,0,1,1,-1.201206041878475,0,0,1,0,0,0,0,0,0,0,-1.169124241217756,-0.9699973622267604,0,0,1,1,0,0,1,0,0,1,0,0.1380999601149329,1,0.5261942151224224,1,0.564636540448697
1,0,0,0,-1.2419671042985652,0,0,0,0,1,0,1,1,0,1,-0.518906682253326,-0.9705929524394526,0,2,1,1,0,0,0,1,0,1,1,0.7663996886892847,1,0.9277746161590925,1,0.874780409096927
1,0,0,0,-1.2827281667186554,1,0,0,0,0,0,0,0,0,1,-0.698506417210253,-0.9911077264321932,0,0,0,1,0,0,0,0,0,0,1,0.5142600655281023,1,0.7359879687171891,1,0.6521100080904736
0,0,1,1,0.0216258307242325,1,0,0,0,0,0,0,0,2,0,-1.4884126589189597,-0.7147097499493562,2,0,0,0,0,1,0,0,1,0,0,0.014398636540027914,0,0.045635612798807,0,0.0249565835676735
1,0,1,0,1.6113072651077522,1,0,0,0,1,0,1,1,0,1,0.9910614597919492,1.966328563037396,3,2,1,1,1,0,0,1,0,0,0,0.2613748983101459,1,0.5024954431920851,1,0.5761171399372128
0,0,1,0,1.6113072651077522,1,1,0,1,0,0,1,1,2,1,1.0925020508324357,2.020306683424746,3,2,1,1,1,0,1,0,0,0,0,0.051962069418946114,0,0.2478747638093779,0,0.19772353590816294
1,0,1,1,1.5297851402675715,1,1,1,0,1,0,1,0,2,0,0.1362997582376854,1.133097855480636,3,1,2,1,0,0,1,0,0,0,0,0.02503648648210208,0,0.10000400774881213,0,0.02713307947453302
1,0,0,0,-0.8343564800976626,1,0,0,0,1,0,1,1,1,0,1.025983630478018,-0.4880987034682562,0,2,1,1,1,0,0,1,0,0,0,0.32287321010962156,1,0.6588473179486055,1,0.7142876200684375
0,0,0,0,0.1439090179845032,1,0,1,1,1,1,1,0,1,1,0.3824179135490295,0.1394107328451725,2,1,4,1,0,0,0,0,1,0,0,0.048892446174213754,0,0.2689299057033832,0,0.12655728816597003
0,0,0,0,-0.0191352316958577,1,0,0,0,0,0,0,0,0,0,-1.4950645009544017,-0.7450627918999057,2,0,0,0,0,1,0,0,0,0,0,0.05166849074249793,0,0.11600707802679512,0,0.12537756503745356
1,0,0,0,0.266192205244774,1,0,0,0,0,0,0,0,1,0,-1.4950645009544017,-0.6614154553617637,2,0,0,0,0,1,0,0,1,0,0,0.024988384010600204,0,0.008181616139668944,0,0.04949335351819532
0,1,1,0,1.24445770332694,1,1,0,1,1,0,1,1,0,1,1.285405469860246,1.8481149352663244,3,2,2,1,1,0,0,1,0,0,0,0.34823118669337294,1,0.6399934807166479,1,0.7237330415858465
1,0,0,0,0.3069532676648642,1,0,0,0,0,1,0,0,0,1,-0.4573771434254898,-0.0871120780488618,2,0,1,1,0,0,0,1,0,0,0,0.1550987121398152,0,0.30739587883284314,0,0.31700616092386663
0,1,0,0,1.2852187657470302,1,0,1,1,0,1,1,0,2,1,0.1778737709591963,0.9664649493073438,3,1,3,1,0,0,1,0,0,1,0,0.017758486473761718,0,0.05891548035409096,0,0.03580312200454488
0,0,0,0,-0.1821794813762187,1,0,1,1,0,0,0,0,0,0,-0.292744053048307,-0.3386937956695127,2,0,2,1,0,0,0,1,0,0,0,0.10415171822923626,0,0.2451718068361118,0,0.2854809264629618
1,0,0,0,1.2852187657470302,1,0,0,0,0,0,0,0,2,0,-1.5067052245164243,-0.4633265623996028,3,0,0,0,0,1,0,0,1,0,0,0.010374708579266197,0,0.045142905165889424,0,0.008194988709927877
1,0,0,0,0.5107585797653155,1,0,0,0,0,0,0,0,1,0,-1.5299866716404704,-0.6278197555865553,2,0,0,0,0,1,0,0,0,0,0,0.026120511211042304,0,0.05637761961970379,0,0.04099263507923705
0,0,0,0,0.592280704605496,1,1,0,1,1,0,1,1,0,1,1.3801942188652905,1.1288625473014895,2,2,2,1,1,0,0,1,0,0,1,0.5573461529806677,1,0.781728461516932,1,0.7635439923313146
0,0,1,0,1.1221745160666692,1,1,0,1,0,0,1,1,0,1,1.1623463922045736,1.6303274474917793,3,2,1,1,1,0,0,1,0,0,0,0.4709358835027599,1,0.729861567057305,1,0.6848526966483467
0,1,0,0,-1.201206041878475,1,0,0,0,1,0,0,0,0,0,0.2992698881060078,-0.9238060323979445,0,0,1,1,1,0,0,1,0,0,1,0.8057132709726696,1,0.8282820233952524,1,0.8315392606455996
0,0,0,0,-1.1196839170382944,1,0,1,0,0,1,0,0,0,0,-0.3542735918761429,-0.8744602803315354,0,0,2,1,0,0,0,1,0,1,0,0.22032149069469625,0,0.3990303182014501,0,0.4732555100894585
1,0,0,1,-1.2827281667186554,1,0,0,0,1,0,0,0,0,1,-0.4989511561470007,-0.9884606588202268,0,0,1,1,0,0,0,1,0,0,1,0.7723973869110003,1,0.8648774007714848,1,0.6793619911990602
0,0,0,0,1.081413453646579,1,1,0,0,0,0,0,0,2,0,-1.3437350946481017,-0.3517306036584479,3,0,0,0,0,1,0,1,0,0,0,0.0178599347481985,0,0.18989158736670092,0,0.0195373416119698
0,0,0,0,-0.1006573565360382,1,0,1,1,1,1,1,1,1,0,0.6817508051439078,0.1059032686570298,2,2,4,1,0,0,0,0,0,1,0,0.09828256641131076,0,0.1847448916580554,0,0.14903894867817385
0,1,0,0,-0.1414184189561284,1,1,0,0,0,1,1,1,0,0,1.124098300500784,0.2525287554632083,2,2,1,1,1,0,0,1,0,1,1,0.5435592314298637,1,0.6318111537974478,1,0.7785686791977986
1,1,0,0,-1.201206041878475,0,0,0,0,1,0,0,1,0,1,-0.7883062846887166,-0.9521296558459864,0,1,1,1,0,0,0,1,0,1,1,0.785781147460243,1,0.8806670023270391,1,0.877950324726035
1,0,0,0,-0.8751175425177529,1,0,0,1,0,0,0,0,0,1,0.3225513352300539,-0.6465918767347513,0,0,1,1,1,0,0,1,0,1,1,0.535033721188817,1,0.7975246264887582,1,0.8054311272360977
1,0,0,0,-1.2827281667186554,1,0,0,0,0,0,0,0,0,0,-1.4651312117949136,-1.0012768778414978,0,0,0,0,0,1,0,0,1,0,0,0.1797406297875426,1,0.5197276968344612,0,0.38010569213684947
0,0,1,1,1.040652391226489,1,1,0,0,0,0,0,0,1,1,-1.3420721341392414,-0.3496129495688746,3,0,0,0,0,1,1,0,0,0,0,0.03095964637077289,0,0.031135408575375608,0,0.0318743526847481
1,0,1,1,1.6113072651077522,1,1,1,1,1,1,1,1,2,1,1.6446049397740998,2.5448010718391445,3,2,4,1,1,0,1,0,0,0,0,0.017643942822708203,0,0.048625261291325265,0,0.12614357331093726
1,1,1,0,-0.1006573565360382,1,1,0,0,0,0,0,0,0,0,0.4339696893237034,0.0269544771301284,2,0,0,1,1,0,0,0,1,0,0,0.3401987515701578,1,0.6629384079767731,1,0.6474886481477803
1,1,0,0,-0.3044626686364894,1,1,0,1,0,0,1,0,0,1,0.8197765273793242,-0.0415604562262714,2,1,1,1,1,0,0,1,0,1,1,0.6153349771301632,1,0.7615442165090346,1,0.8233700146301702
1,0,0,0,0.8368470791260375,1,0,0,1,0,1,0,0,0,1,0.5237695568021665,0.9078324017022856,3,0,2,1,1,0,0,0,1,0,0,0.16548963028034466,0,0.2671562348585678,0,0.35172226657275085
0,0,1,0,1.407501953007301,1,0,0,0,0,0,0,0,1,1,-1.463468251286053,-0.4248337875422564,3,0,0,0,0,1,0,0,0,0,0,0.028945500182027767,0,0.07208569175455735,0,0.021194390823928305
0,0,1,1,-0.1414184189561284,1,0,0,0,0,0,0,0,1,0,-1.4917385799366805,-0.7721952349225624,2,0,0,0,0,1,0,1,0,0,0,0.025052533439851313,0,0.009537506734577808,0,0.08236760883530349
1,0,1,1,1.2036966409068497,1,1,0,0,0,0,0,0,1,0,-1.3320943710860789,-0.3591644518687205,3,0,0,0,0,1,0,0,0,0,0,0.021218090353545216,0,0.016402839192747532,0,0.021527071933566663
1,0,0,1,-1.078922854618204,1,0,0,0,1,0,1,1,0,0,0.9860725782653676,-0.7565775360119599,0,2,1,1,1,0,0,0,1,1,1,0.6415258840461223,1,0.7842966501671629,1,0.7671289814927371
1,0,1,1,1.2036966409068497,1,1,0,0,0,0,0,0,2,1,-1.3503869366835437,-0.3819512922283989,3,0,0,0,0,1,0,0,0,0,0,0.011872700079035474,0,0.000875506072874494,0,0.014058336066111423
1,0,1,1,1.6113072651077522,1,1,1,1,1,1,1,1,2,1,1.6362901372297975,2.725529613046159,3,2,4,1,1,0,1,0,0,0,0,0.017643942822708203,0,0.03134939922235974,0,0.13748392690386987
1,0,0,0,0.266192205244774,0,0,0,0,0,1,0,1,0,1,-0.8065988502861812,-0.351112954548989,2,1,1,1,0,0,0,1,0,0,0,0.27621836035840547,0,0.30344295212543104,0,0.4973215360407268
0,0,1,1,0.6738028294456765,1,1,0,1,0,0,1,1,1,0,1.1839648788197594,1.169759741906372,3,2,1,1,1,0,0,0,1,1,0,0.146005291151836,0,0.3046930230187058,0,0.3514957492590984
0,0,1,0,0.592280704605496,1,1,0,0,0,0,0,0,1,0,-1.2622500297139403,-0.4586059584915959,2,0,0,0,0,1,0,1,0,0,0,0.03714468078862527,0,0.07380317722207884,0,0.07038187416529092
0,0,0,0,0.103147955564413,1,1,0,1,0,1,0,0,0,0,0.6800878446350476,0.2766832474224028,2,0,2,1,1,0,1,0,0,1,0,0.2112323209094883,0,0.35919448415221567,0,0.46009105302489767
1,0,0,1,-1.3234892291387457,1,0,0,0,0,0,0,0,2,0,-1.4834237773923784,-1.4834237773923784,0,0,0,0,0,1,0,0,1,0,0,0.027202364265551175,0,0.11824180529862993,0,0.08627910738781847
1,0,1,1,-0.3044626686364894,1,0,1,1,1,0,0,0,1,1,-0.1081554365647985,-0.2997157250833058,2,0,3,1,0,0,0,0,0,0,0,0.05475361298868827,0,0.19417439418583168,0,0.1508494794874024
1,0,1,1,0.9998913288063984,1,0,0,0,0,0,0,0,1,0,-1.5116941060430058,-0.5420988827523731,3,0,0,0,0,1,0,0,1,0,0,0.02509162904610295,0,0.05577881571827392,0,0.01811095926897692
1,0,1,0,-0.4675069183168504,1,1,0,0,1,1,1,1,0,1,1.3718794163209884,-0.0178250833056384,1,2,2,1,1,0,0,1,0,1,1,0.7774671748381891,1,0.7830483753140797,1,0.8385554763978884
1,0,0,0,0.5515196421854057,0,0,0,1,0,0,0,0,0,0,-1.149168715111431,-0.4015837103504839,2,0,1,1,0,0,0,0,0,1,0,0.13115368219028428,0,0.3110553304693519,0,0.25819520532000795
1,0,1,1,-1.2827281667186554,1,0,0,0,0,0,0,0,0,1,0.2044811391009632,-0.9791297454880448,0,0,0,1,1,0,0,1,0,1,1,0.8202660485821632,1,0.9334586726596841,1,0.8332305901093895
0,1,1,0,0.8368470791260375,1,1,0,0,0,0,0,0,2,0,-1.322116608032916,-0.4476868045922341,3,0,0,0,0,1,1,0,0,0,0,0.02074963872877891,0,0.02070936095479552,0,0.020271108343100846
0,0,0,1,-1.2827281667186554,1,0,0,0,0,0,0,1,0,1,0.4905103466249578,-0.975335615244226,0,1,0,1,1,0,0,1,0,1,1,0.8864852533428176,1,0.9080767785301589,1,0.8601110380846426
1,1,0,0,-1.1196839170382944,1,0,0,0,0,0,0,0,0,1,0.2194477836807072,-0.8465116581285224,0,0,0,1,1,0,0,0,1,0,1,0.5735617871345209,1,0.8101619587336434,1,0.8260564388476634
1,0,0,0,1.2036966409068497,1,1,0,0,0,0,0,0,2,0,-1.3786572653341709,-0.3797233436549937,3,0,0,0,0,1,0,0,0,0,0,0.011516371326288256,0,0.007358336774369605,0,0.012357701721639249
1,1,0,0,-1.2419671042985652,0,0,0,0,0,0,0,0,0,1,-1.3437350946481017,-0.9894974269682468,0,0,0,1,0,0,0,0,1,1,1,0.6184262849504716,1,0.8119390126505273,1,0.8059630239043578
1,0,1,1,1.6113072651077522,1,1,0,0,0,0,0,0,2,0,-1.3337573315949391,-0.2297449045403243,3,0,0,0,0,1,0,0,0,0,0,0.011497632817596352,0,0.001545348881765298,0,0.007339969977341246
1,0,0,0,-0.0598962941159479,1,1,0,1,1,0,1,1,1,1,1.2837425093513857,0.3423967008894714,2,2,2,1,1,0,0,1,0,1,0,0.40663057311838124,1,0.5509352420692286,1,0.6675816864283063
0,1,1,0,0.9591302663863084,1,1,1,1,1,1,0,0,1,1,0.1196701531490811,0.7604348535092834,3,0,4,1,0,0,1,0,0,0,0,0.05600998985910667,0,0.06891879811602332,0,0.08832404413918915
1,1,0,0,-0.5490290431570309,1,0,1,0,0,0,0,1,0,1,0.7466062649894649,-0.2881127453841859,1,1,1,1,1,0,0,1,0,0,0,0.44608667794270807,1,0.6630946429039306,1,0.7994200784237648
1,1,1,0,-0.8343564800976626,1,0,0,0,0,0,0,1,0,1,0.5187806752755855,-0.5912461047478846,0,1,0,1,1,0,0,1,0,1,1,0.6153515225743982,1,0.7940770061681589,1,0.880080190269779
0,0,0,0,1.2852187657470302,1,1,0,1,1,1,1,1,2,1,1.518219941100707,2.108343740419399,3,2,3,1,1,0,1,0,0,0,0,0.05453180281419638,0,0.2940348671742691,0,0.21191310303886368
1,0,1,0,1.570546202687662,1,1,0,1,1,0,0,1,0,1,0.9444985655438568,1.9319608018753636,3,1,2,1,1,0,0,0,0,0,0,0.14071093313449257,0,0.45209343889143233,0,0.47966859894365776
1,0,0,0,-1.201206041878475,0,0,0,0,0,0,0,0,0,0,-1.3337573315949391,-0.9809165161261222,0,0,0,1,0,0,0,1,0,1,0,0.3907512845922749,1,0.7099100645920458,1,0.7708967691039289
0,0,0,0,-1.2827281667186554,1,0,0,0,1,0,0,0,0,0,0.3558105454072627,-0.9771223858823032,0,0,1,1,1,0,0,1,0,0,1,0.8563662781645464,1,0.9196099381645019,1,0.8050173894665715
1,0,0,0,-0.8751175425177529,1,1,0,0,0,0,0,0,0,0,-1.3869720678784732,-0.9022765491539502,0,0,0,0,0,1,1,0,0,1,0,0.08303731720821692,0,0.15191345663288444,0,0.3422333153132357
0,0,0,0,-1.1604449794583849,1,1,0,0,0,0,0,0,0,0,-0.4706808274963733,-0.9157986528717458,0,0,0,1,0,0,0,1,0,0,0,0.44157704337141707,1,0.6936186315586906,1,0.6885918249851194
1,1,0,0,-1.2419671042985652,1,1,0,0,0,0,1,1,0,1,0.9644540916501818,-0.9236516201205798,0,2,0,1,1,0,0,1,0,1,1,0.8866857439475672,1,0.9308419379494226,1,0.9351579203384008
0,0,0,1,-1.1604449794583849,1,1,0,0,1,1,0,0,0,1,0.7399544229540231,-0.859813172878654,0,0,2,1,1,0,0,0,1,1,1,0.7403610070197377,1,0.7579902645480991,1,0.7453046886715338
0,0,1,0,-1.2827281667186554,0,0,0,0,0,0,0,0,0,1,-1.3320943710860789,-0.9995121661001868,0,0,0,1,0,0,0,1,0,1,1,0.6518006880365588,1,0.7905658250884291,1,0.8285801064221278
0,0,0,0,-0.712073292837392,1,0,0,1,0,0,1,0,0,1,0.6102435032629094,-0.5119223119759548,1,1,1,1,1,0,0,0,0,0,0,0.4925531477744816,1,0.7249640054535039,1,0.7321372161020966
1,0,1,0,1.3667408905872107,1,1,0,1,1,0,0,1,1,0,1.0126799464071343,1.7572322805888072,3,1,2,1,1,0,0,1,0,0,0,0.17098892038084396,0,0.40023437361909436,0,0.339454679987323
0,0,0,0,-1.2419671042985652,1,0,0,0,0,0,1,1,0,1,0.8497098165388122,-0.9362472501741872,0,2,0,1,1,0,0,1,0,1,1,0.8194889041049492,1,0.9221231322420212,1,0.8970149163115747
0,0,0,0,-0.7935954176775724,1,1,1,0,0,0,0,0,0,1,0.5038140306958415,-0.5563268711666931,1,0,1,1,1,0,1,0,0,0,0,0.44021355902519593,1,0.5722567352624867,1,0.6973551155623886
1,0,0,0,-1.2827281667186554,1,0,0,0,0,0,0,0,0,0,-1.5116941060430058,-1.0018945269509567,0,0,0,0,0,1,0,0,1,1,0,0.23777973515206274,1,0.5617069597524056,0,0.3786447443286686
0,0,1,1,-1.201206041878475,1,0,0,0,0,0,0,0,0,0,-1.5150200270607266,-0.9863209458338872,0,0,0,0,0,1,0,0,1,0,0,0.12237902768505185,0,0.24896089195707527,0,0.314598112603673
0,0,0,0,1.3259798281671205,1,1,0,0,0,0,0,0,2,0,-1.275553713784824,-0.2610905968453611,3,0,0,0,0,1,0,0,0,0,0,0.016934283284748657,0,0.006070246999211754,0,0.011533404534840842
1,1,0,0,-0.0191352316958577,1,1,0,0,0,0,1,1,0,1,1.0409502750577622,0.3215731023420016,2,2,0,1,1,0,1,0,0,1,1,0.7935959288643996,1,0.7939812627961192,1,0.8007033165381708
1,1,0,0,-1.1196839170382944,1,0,0,0,0,0,1,1,0,1,0.8829690267160208,-0.8120336024826584,0,2,0,1,1,0,0,1,0,1,1,0.7311273349852823,1,0.8918649940540666,1,0.9145711919168504
0,0,0,0,1.2036966409068497,1,1,0,1,1,1,1,1,2,0,0.6534804764932807,1.280671874847769,3,2,3,1,0,0,0,0,0,0,0,0.020338220601066707,0,0.01836389520593635,0,0.05996928149335312
1,0,0,0,-1.201206041878475,1,0,0,0,0,1,0,0,0,1,-0.4773326695318151,-0.9452693389516396,0,0,1,1,0,0,0,0,1,0,0,0.4093907136191948,1,0.6529030951323653,1,0.5613189124556494
0,0,1,1,-0.9158786049378432,1,1,0,0,0,0,0,0,2,0,-1.2888573978557074,-0.9109456955831404,0,0,0,0,0,1,1,0,0,0,0,0.02815995039069697,0,0.06019897514612658,0,0.09323650332512229
1,0,0,0,1.24445770332694,1,1,1,1,1,1,0,0,1,0,0.1313108767111039,0.8033835255134403,3,0,4,1,0,0,0,0,0,0,0,0.03853244845120623,0,0.07176214617503897,0,0.044320975589493675
1,0,0,0,-1.2419671042985652,1,1,0,0,0,0,0,0,0,1,0.387406795075611,-0.9387840233023218,0,0,0,1,1,0,0,1,0,1,1,0.8109119132263046,1,0.8749403647083767,1,0.8826776253154095
1,0,1,1,0.4699975173452252,0,0,0,0,1,1,1,1,1,1,-0.3509476708584221,0.0118000150516201,2,2,2,1,0,0,0,1,0,0,0,0.1540764302455473,0,0.3161540579731426,0,0.3095989435706349
0,0,1,0,0.5515196421854057,1,0,0,1,0,0,1,1,0,1,0.1412886397642664,0.3871983202220048,2,2,1,1,0,0,1,0,0,0,0,0.16168539823587005,0,0.3295887605967269,0,0.34732332274139965
1,1,0,0,-1.2827281667186554,1,0,0,0,0,0,0,0,0,0,-0.6536064834710211,-0.9905121362195008,0,0,0,1,0,0,0,1,0,0,1,0.713556138642198,1,0.8082030265716158,1,0.7106906781735016
1,0,0,1,-0.7935954176775724,1,0,0,0,0,0,1,0,0,1,0.4472733733945866,-0.5542974526641854,1,1,0,1,1,0,1,0,0,0,0,0.4595362156284016,1,0.67457772007972,1,0.7244417456379789
0,1,0,0,-1.2827281667186554,1,0,0,0,0,0,0,0,0,1,0.166233047397173,-0.9796371001136716,0,0,0,1,1,0,0,1,0,1,1,0.8637673588916827,1,0.935714633997932,1,0.8820013927371662
1,0,1,1,0.6738028294456765,1,1,0,0,0,0,1,0,0,0,0.6534804764932807,0.8666925592329727,3,1,0,1,1,0,0,1,0,1,0,0.3433800488050297,0,0.4956771019863475,1,0.5623843612308185
0,0,0,0,-1.078922854618204,1,1,0,0,0,0,1,1,0,1,0.9544763285970193,-0.7738055343865087,0,2,0,1,1,0,0,0,0,1,1,0.828150227411823,1,0.931853597978633,1,0.8787247760801287
0,1,0,0,-0.5897901055771212,1,1,0,1,0,1,0,0,0,1,0.6850767261616291,-0.3461055849830191,1,0,2,1,1,0,0,1,0,1,1,0.5904354954100925,1,0.68084666841907,1,0.790528794636248
1,0,0,1,1.2036966409068497,1,1,0,0,0,0,0,0,2,1,-1.3453980551569622,-0.3870689562782008,3,0,0,0,0,1,0,0,1,0,0,0.011098697430269193,0,0.010765107212475634,0,0.013511540346369937
1,0,1,1,1.1221745160666692,1,0,1,1,0,1,1,1,0,1,0.4722177810274931,1.0469358047111257,3,2,3,1,0,0,1,0,0,0,0,0.05513724477595706,0,0.16433592815016596,0,0.14180611158580445
0,0,0,0,-0.9974007297780236,1,0,1,0,0,1,0,0,1,0,-0.3526106313672825,-0.8129159583533139,0,0,2,1,0,0,0,0,0,0,0,0.056571370382526125,0,0.15058488981916868,0,0.21906658526881476
1,1,1,0,-0.1006573565360382,1,0,0,1,0,0,0,0,0,1,-0.4806585905495361,-0.3365540826831731,2,0,1,1,0,0,0,0,0,1,0,0.15600231564503142,0,0.2958497249924573,0,0.3957643764550103
0,0,0,0,-0.1414184189561284,1,1,0,0,0,0,0,0,0,1,0.3109106116680311,-0.1310754593042724,2,0,0,1,1,0,0,1,0,0,0,0.4901842225749906,1,0.679940943968501,1,0.7291571823929006
1,0,0,1,0.266192205244774,0,0,0,0,1,1,1,1,1,0,-0.3326551052609572,-0.04352369803848,2,2,2,1,0,0,0,0,0,0,0,0.10276577008191484,0,0.14169742792919973,0,0.22113374163457733
1,0,0,0,-1.038161792198114,0,0,0,0,1,1,0,0,1,1,-0.9762208221899455,-0.9003574251352745,0,0,2,1,0,0,1,0,0,0,0,0.0935968939009236,0,0.24366535034881584,0,0.48578218724994043
0,0,1,0,-1.201206041878475,1,0,0,0,0,0,0,0,0,1,-0.6236731943115333,-0.953034070613408,0,0,0,1,0,0,0,0,1,0,0,0.4435777379550393,1,0.6691631569652856,1,0.6223658177829879
1,1,0,0,-0.9566396673579334,1,1,0,0,0,0,0,1,0,1,0.6318619898780948,-0.6618566332970914,0,1,0,1,1,0,0,1,0,1,1,0.7409112150238716,1,0.8712930456093693,1,0.910978986617909
1,0,0,0,-0.2229405437963089,1,0,0,0,0,0,0,0,2,0,-1.4967274614632615,-0.8030997492922715,2,0,0,0,0,1,1,0,0,0,0,0.014181187072634783,0,0.007764054547470256,0,0.03650186750328153
1,0,1,0,-0.6713122304173017,1,1,0,0,0,0,0,0,0,1,0.3508216638806817,-0.4857163426174862,1,0,0,1,1,0,0,1,0,0,1,0.6173564283345667,1,0.8084463896048922,1,0.8194246538517441
0,0,1,1,1.2036966409068497,1,0,0,1,1,0,1,1,0,1,1.173987115766597,1.7615999421485522,3,2,2,1,1,0,0,1,0,1,0,0.30363232236676474,1,0.5290414674860795,1,0.57515514892374
0,0,0,1,-0.4675069183168504,1,0,1,0,1,0,0,1,1,0,-6.300348887048559e-05,-0.4206867149501756,1,1,2,1,0,0,0,0,1,0,0,0.06132707883164986,0,0.11654506136537232,0,0.18060857631588922
1,0,0,0,-0.3044626686364894,1,1,1,1,1,1,0,1,0,0,0.5620176485059567,-0.1153915837033708,2,1,4,1,0,0,0,0,0,0,0,0.11074782784984576,0,0.23815009673648307,0,0.30201440747531083
0,0,0,1,-0.712073292837392,1,0,0,0,0,0,0,0,1,0,-1.5033793034987035,-0.8910706295966253,1,0,0,0,0,1,0,0,1,0,0,0.030781477227575033,0,0.025240241240508707,0,0.10829386823590008
0,0,0,1,0.3477143300849545,1,0,0,0,0,0,0,0,1,1,-1.4834237773923784,-0.6288344648378092,2,0,0,0,0,1,1,0,0,0,0,0.03165840537796509,0,0.003352747633678203,0,0.05087049405315856
0,0,0,0,-1.2827281667186554,1,0,0,1,0,1,1,0,0,0,0.8929467897691834,-0.9699973622267604,0,1,2,1,1,0,0,1,0,1,1,0.6490546639460502,1,0.7009726940389632,1,0.7773828439359436
0,0,0,0,-1.201206041878475,1,0,0,0,0,0,0,0,0,1,0.1562552843440105,-0.9123795238729556,0,0,0,1,1,0,0,0,0,1,1,0.5524897588093525,1,0.7017060294422418,1,0.7994896644129875
1,0,1,1,0.3069532676648642,1,0,0,0,0,0,0,0,0,1,-1.4784348958657971,-0.6816434636965412,2,0,0,0,0,1,0,0,0,0,0,0.06685353221561458,0,0.07649012963877891,0,0.1090902816280506
1,0,0,0,0.429236454925135,1,1,0,1,0,0,0,0,0,1,0.4323067288148426,0.4744853747266006,2,0,1,1,1,0,0,1,0,1,0,0.37952279696539776,1,0.5777411566833672,1,0.6494233322026094
1,0,1,1,-0.5082679807369407,0,0,1,0,1,1,0,0,2,1,-0.8465099024988317,-0.6463051110767881,1,0,3,1,0,0,1,0,0,0,0,0.03211966069287298,0,0.1221614651070826,0,0.1311348313255631
0,0,1,1,0.8776081415461278,1,0,1,0,1,1,0,1,2,0,0.1695589684148941,0.6977214100024434,3,1,3,1,0,0,0,0,0,0,0,0.022119832385467202,0,0.05426520138635574,0,0.027316316066402137
1,0,0,0,-1.2419671042985652,1,0,0,0,0,0,1,0,0,1,0.5121288332401437,-0.9466811083446884,0,1,0,1,1,0,0,1,0,1,1,0.742080156294776,1,0.889769258036621,1,0.8759428830117763
0,0,0,1,0.0623868931443227,1,1,1,1,1,1,1,1,2,1,1.706134478601936,0.7308318140487913,2,2,4,1,1,0,1,0,0,0,0,0.049121685338949596,0,0.17701954219868474,0,0.23653118292916506
1,0,0,0,-0.2637016062163992,1,1,0,0,1,1,0,0,0,1,0.6468286344578388,-0.003861801652515,2,0,2,1,1,0,0,0,1,0,0,0.3395107336658848,0,0.38236262389055137,1,0.6232049522229225
1,0,1,1,-0.8751175425177529,1,0,0,0,0,0,1,0,0,1,0.4871844256072372,-0.6272903420641621,0,1,0,1,1,0,0,0,0,1,1,0.5064592955894378,1,0.7091138626998198,1,0.7720410412138181
0,0,0,0,0.9591302663863084,1,0,0,0,0,0,0,0,2,0,-1.501716342989843,-0.5463783087250522,3,0,0,0,0,1,0,0,0,0,0,0.014849444445190195,0,0.11989900580804796,0,0.011290342531184865
1,0,1,0,1.6113072651077522,1,1,0,0,0,0,0,0,2,0,-1.3004981214177305,-0.1880094718583189,3,0,0,0,0,1,1,0,0,0,0,0.011897332785149355,0,0.0012838778966101022,0,0.008422730928688494
1,1,0,0,-0.9974007297780236,0,0,0,0,1,0,0,0,0,1,-1.1791020042709188,-0.9125559950470868,0,0,1,1,0,0,0,1,0,1,1,0.5418266069298138,1,0.7775534116483946,1,0.8248928635818369
1,1,0,0,-1.1196839170382944,1,0,0,0,1,0,0,0,0,0,-0.4823215510583964,-0.9057839137398058,0,0,1,1,0,0,0,1,0,1,0,0.3567896980491962,1,0.7152466446060601,1,0.6754803966252598
1,0,1,0,0.3477143300849545,1,1,0,1,0,0,0,0,0,1,0.5121288332401437,0.5067575406958257,2,0,1,1,1,0,0,1,0,0,0,0.37952279696539776,1,0.5853243372747747,1,0.6731516565264589
1,0,1,0,-0.9566396673579334,0,0,0,0,0,0,0,0,1,0,-1.3553758182101248,-0.895835351298165,0,0,0,1,0,0,0,0,0,1,0,0.05259075248505264,0,0.158325921105652,0,0.48076784381124316
1,0,0,0,-1.201206041878475,1,1,0,0,1,0,1,1,0,1,1.2205500100146889,-0.8788279418912802,0,2,1,1,1,0,0,0,0,1,1,0.8638305737710736,1,0.8977179486797111,1,0.8851030269740084
1,1,1,1,0.103147955564413,1,0,0,1,0,1,1,1,0,1,0.372440150495867,0.2015506450360864,2,2,2,1,0,0,0,1,0,0,0,0.1804741424347828,0,0.2863563116950258,0,0.487724657770117
1,0,0,0,-1.2419671042985652,1,0,0,0,0,1,0,0,0,1,-0.4873104325849776,-0.9622546894617582,0,0,1,1,0,0,1,0,0,0,0,0.4398068199888207,1,0.7593719211446731,1,0.564079513045886
0,0,1,1,-0.9974007297780236,1,0,0,0,0,1,1,1,0,1,0.1229960741668017,-0.761474611094098,0,2,1,1,0,0,0,1,0,0,0,0.2751169995563696,1,0.5438743500101267,1,0.6712590833213021
0,0,1,0,1.3667408905872107,1,1,0,1,1,0,1,1,0,1,1.3419461271615007,2.0499317817820053,3,2,2,1,1,0,0,1,0,0,1,0.5188471677456755,1,0.671689380026435,1,0.6707145516380905
0,0,0,0,-0.5490290431570309,1,1,1,1,0,0,0,1,0,1,1.0076910648805537,-0.2210757581111339,1,1,2,1,1,0,0,1,0,1,0,0.4415746529544308,1,0.7253989611989367,1,0.7803025923812983
1,0,1,0,1.6113072651077522,1,1,1,1,1,1,1,1,2,0,0.9129023158755084,1.9542182287126488,3,2,4,1,0,0,1,0,0,0,0,0.018028704975727967,0,0.07773217814540259,0,0.03915179014444252
1,1,0,0,0.8776081415461278,0,0,0,1,1,0,1,1,1,1,-0.312699579154632,0.29849949632436,3,2,2,1,0,0,0,1,0,0,0,0.194134108241629,0,0.36237232520485263,0,0.3488731136673695
0,0,1,1,-0.9566396673579334,1,0,0,1,0,1,1,0,1,1,0.024881404144036,-0.7487025098663596,0,1,2,1,0,0,0,0,1,0,0,0.07285479527228894,0,0.21390685809816493,0,0.31526245240267964
0,0,0,0,0.7960860167059473,0,0,1,1,1,0,1,1,2,1,-0.2029441855698433,0.3300878364938273,3,2,3,1,0,0,0,0,0,0,0,0.04215347914559426,0,0.0970060896770518,0,0.0989152533909599
1,0,1,1,0.6738028294456765,1,0,1,1,0,1,0,0,0,0,-0.1746738569192159,0.2999774424077082,3,0,3,1,0,0,1,0,0,0,0,0.09333242777553219,0,0.2141537250700477,0,0.07827165646785386
0,1,1,0,1.6113072651077522,1,1,0,1,1,0,1,1,1,0,1.335294285126059,2.3328150739141598,3,2,2,1,1,0,1,0,0,0,0,0.09356229494494578,0,0.17110260830599214,0,0.35464922775557234
1,0,0,0,0.3477143300849545,1,0,0,0,0,1,0,0,0,1,0.3125735721768914,0.3523893811246451,2,0,1,1,1,0,0,1,0,0,0,0.34877767133068516,1,0.568955272945133,1,0.5595616848343963
0,0,0,0,0.0623868931443227,1,0,1,0,1,1,1,1,1,1,0.5021510701869811,0.1927712041230643,2,2,3,1,0,0,0,0,0,0,0,0.12342384809478579,0,0.20111327855129232,0,0.19315439748034513
0,0,0,0,1.1221745160666692,1,1,0,1,1,0,1,1,0,1,1.365227574285547,1.811519225530887,3,2,2,1,1,0,0,1,0,1,0,0.43638463976901426,1,0.5758376009867416,1,0.6999966671669848
1,1,0,0,0.0216258307242325,1,1,0,1,1,0,0,0,0,1,0.6318619898780948,0.187918246834459,2,0,2,1,1,0,1,0,0,1,0,0.430924670708864,1,0.5740059577938859,1,0.6654198453167306
0,0,1,0,1.570546202687662,1,1,1,1,0,0,1,0,1,0,1.0243206699691578,2.014681664749317,3,1,2,1,1,0,0,0,1,0,0,0.025726797237924665,0,0.06737969184619615,0,0.18511451854365513
0,0,0,0,-1.2419671042985652,0,0,1,1,0,0,0,1,0,1,-0.7400804299317638,-0.9785120963785858,0,1,2,1,0,0,0,1,0,1,1,0.6284287886661208,1,0.7894495610691159,1,0.7846646229067682
0,0,1,1,1.2036966409068497,1,1,0,0,0,0,1,1,0,1,0.1861885735034985,0.886810273083918,3,2,0,1,0,0,1,0,0,0,0,0.12964990022207115,0,0.34259978168501076,0,0.27066191134177764
1,0,1,0,1.570546202687662,1,0,1,0,1,1,1,1,2,1,0.5886250166477236,1.5627831055931003,3,2,3,1,0,0,0,1,0,0,0,0.02364379318798755,0,0.06096451753107426,0,0.058731749520394144
1,1,1,1,1.2852187657470302,1,1,0,0,0,0,0,0,2,1,-1.3453980551569622,-0.3272231693509911,3,0,0,0,0,1,0,0,0,0,0,0.01231226998430388,0,0.00039473684210526315,0,0.01690278193543174
0,0,1,0,-0.9974007297780236,1,1,0,0,0,0,0,1,0,1,0.6667841605641643,-0.6729743172673508,0,1,0,1,1,0,0,1,0,1,1,0.7533705122870401,1,0.8899320235534718,1,0.8906217992177301
0,0,0,0,-1.2827281667186554,1,0,0,1,0,0,0,0,0,1,0.3142365326857518,-0.977673858301463,0,0,1,1,1,0,1,0,0,1,0,0.45140789225425165,1,0.7662782224247615,1,0.7758255456085904
0,1,1,0,-1.1604449794583849,1,1,0,0,0,0,1,0,0,1,0.6119064637717698,-0.8745485159186009,0,1,0,1,1,0,0,1,0,0,1,0.7950812662601618,1,0.9071631556336066,1,0.9134519192505713
0,0,1,0,1.2852187657470302,1,1,1,1,1,1,1,1,1,1,1.667886386898146,2.2525648074780413,3,2,4,1,1,0,0,1,0,0,0,0.06963714903798207,0,0.20374582526430443,0,0.3877484052470994
1,0,1,0,1.24445770332694,1,1,0,1,0,1,0,1,2,0,0.0797591009364305,0.8575601759716879,3,1,2,1,0,0,0,0,1,0,0,0.017921807001373035,0,0.02079004085201519,0,0.03846190078908523
1,0,0,1,-0.1414184189561284,0,0,1,1,1,1,0,0,0,1,-0.660258325506463,-0.462311853148349,2,0,4,1,0,0,0,0,1,0,0,0.1302885294146582,0,0.22077304899387584,0,0.2798899480007653
0,1,0,0,-1.1196839170382944,1,0,1,1,0,0,0,0,0,0,0.5270954778198876,-0.8450998887354735,0,0,2,1,1,0,0,1,0,0,0,0.3950302762154742,1,0.5166221377557123,1,0.7559457997675764
1,1,1,0,-0.1006573565360382,1,0,0,1,1,0,0,0,0,1,0.4921733071338186,0.0329986148441187,2,0,2,1,1,0,0,0,1,1,0,0.3142708561937184,0,0.4877471984195843,1,0.6236458177915342
0,0,1,0,0.755324954285857,1,1,0,1,0,1,1,1,1,1,0.4589140969566099,0.7325744668933357,3,2,2,1,0,0,1,0,0,0,0,0.10459956548398612,0,0.19286367158857545,0,0.17174611684806587
0,0,0,0,-0.9566396673579334,1,0,0,0,0,0,0,0,0,1,-0.6868656936482298,-0.8325042586818662,0,0,0,1,0,0,0,0,0,1,0,0.15970026339575516,1,0.5122842644058491,1,0.587743655144486
0,0,1,1,0.7145638918657667,1,1,0,0,0,0,1,0,0,1,0.65015455547556,0.8055011796030132,3,1,0,1,1,0,0,0,0,1,0,0.2904346713825824,0,0.4604184956316293,1,0.5327539546297234
1,1,0,0,-0.3044626686364894,1,1,0,1,0,0,1,0,0,1,0.8014839617818594,0.0003735065266313,2,1,1,1,1,0,0,1,0,1,1,0.6211265301604355,1,0.7660614693654135,1,0.8263954765507117
1,0,1,0,0.9591302663863084,1,1,0,1,0,1,1,1,1,1,1.4101275080247786,1.651305458316614,3,2,2,1,1,0,0,1,0,0,0,0.38795089167572977,1,0.5069358905508532,0,0.49349855597988085
1,0,1,1,1.2852187657470302,1,1,0,0,0,0,0,0,2,1,-1.3320943710860789,-0.3421349835650693,3,0,0,0,0,1,0,0,1,0,0,0.01155158880937305,0,0.0014177547449185624,0,0.012647579154738103
0,0,1,1,0.3884753925050447,1,0,0,0,1,1,1,1,2,1,1.1823019183108991,0.8882220424769667,2,2,2,1,1,0,0,1,0,0,0,0.07257564709831141,0,0.32107038241680497,0,0.3092386003971912
0,0,0,0,-0.9158786049378432,0,0,1,0,0,0,0,0,0,0,-1.1674612807088958,-0.8772617602208665,0,0,1,1,0,0,0,0,1,0,0,0.08823957270682334,0,0.48155429296543756,1,0.554353028390008
0,0,1,1,1.24445770332694,1,0,1,1,1,1,0,0,2,0,-0.0432999767192417,0.7605230890963488,3,0,4,1,0,0,0,0,1,0,0,0.01356518075107704,0,0.029025019220352805,0,0.013096235435348817
1,0,1,1,-0.2229405437963089,0,0,0,1,1,0,0,1,1,1,-0.6319879968558355,-0.4605692003038044,2,1,2,1,0,0,1,0,0,0,0,0.08099832674524711,0,0.17792225367351436,0,0.3185392601791971
1,0,1,0,0.4699975173452252,1,1,1,0,1,0,0,0,0,1,0.6634582395464431,0.58941222687948,2,0,2,1,1,0,1,0,0,0,0,0.18529943344776506,0,0.383784120182203,0,0.49150636134141007
1,0,0,0,-1.2827281667186554,0,0,0,0,0,0,0,0,0,1,-1.3204536475240558,-0.999357753822822,0,0,0,1,0,0,0,1,0,1,1,0.6518006880365588,1,0.8313634575752923,1,0.8326946789343542
1,0,0,0,-0.5897901055771212,0,0,1,0,1,0,0,0,0,0,-1.039413321526642,-0.7676511021886866,1,0,2,1,0,0,0,0,1,0,0,0.1852849347455034,0,0.25243431404721006,0,0.4416238905086093
0,1,0,0,0.3884753925050447,1,1,0,0,0,0,1,0,0,1,0.6584693580198622,0.5519121023766211,2,1,0,1,1,0,0,1,0,1,0,0.47422990212223276,1,0.6197387974194521,1,0.7761314323828981
0,0,1,1,-1.078922854618204,1,0,0,0,0,0,0,0,1,0,-1.501716342989843,-0.9687841229046088,0,0,0,0,0,1,0,0,1,0,0,0.03910432663553966,0,0.08689317791134474,0,0.16396997262089252
1,0,0,0,0.7145638918657667,0,0,1,1,0,0,0,0,0,1,-0.99285042727855,-0.224097826968129,3,0,2,1,0,0,0,0,1,0,0,0.17564813365231685,0,0.21265912134102685,0,0.20502611592796893
0,0,1,1,0.0216258307242325,1,1,0,0,0,0,0,0,0,0,-1.3503869366835437,-0.6405256801239947,2,0,0,0,0,1,0,0,0,0,0,0.05754258084739934,0,0.1498846204955657,0,0.13306297445403
0,0,0,1,-1.038161792198114,0,0,1,0,0,0,0,0,0,0,-1.1657983202000353,-0.9213574948568756,0,0,1,1,0,0,0,0,1,0,0,0.0763154156307941,1,0.5075088571267737,1,0.5360808324089055
1,0,0,0,-1.038161792198114,1,0,0,0,0,0,0,0,0,1,-0.6718990490684861,-0.8681734947531149,0,0,0,1,0,0,0,0,0,0,0,0.20410569341049672,1,0.5776106421034742,1,0.6088498759339883
0,0,0,0,-0.3452237310565796,0,0,0,1,1,0,1,1,0,1,-0.3559365523850034,-0.4632824446060701,1,2,2,1,0,0,1,0,0,1,0,0.26676969123833666,0,0.419862579334408,1,0.6434630133523558
0,0,0,0,1.1629355784867594,1,1,0,1,1,0,1,1,1,1,1.30037211443999,1.8232324997138396,3,2,2,1,1,0,0,1,0,0,0,0.4597626144993627,1,0.629162742378246,1,0.5174241043793774
1,0,0,0,-0.7935954176775724,1,0,0,0,0,0,0,1,0,1,0.5320843593464687,-0.5654371955312112,1,1,0,1,1,0,0,1,0,1,1,0.5823734031873424,1,0.7562914996069796,1,0.8303570702432744
1,0,0,0,-1.2827281667186554,0,0,1,0,0,0,0,0,0,0,-1.169124241217756,-0.9973503942170808,0,0,1,1,0,0,0,0,1,1,0,0.17371768959297149,1,0.5150373290437705,1,0.6358638602954709
1,1,1,0,0.5515196421854057,1,1,0,0,1,0,1,1,0,1,1.1307501425362254,1.003479778081342,2,2,1,1,1,0,0,1,0,0,1,0.6667660117672383,1,0.862179011938585,1,0.8194522217891478
0,1,0,0,-1.038161792198114,1,0,0,1,0,0,0,0,0,1,-0.4507253013900483,-0.8254454117166221,0,0,1,1,0,0,0,0,1,0,0,0.242141755103127,0,0.40778459755517377,1,0.6285404321197949
1,0,1,0,1.570546202687662,1,0,1,1,1,1,1,1,2,1,0.7066952127768144,1.6568643003017436,3,2,4,1,0,0,0,0,0,0,0,0.015345965814931365,0,0.010387775162583395,0,0.039611259744837965
0,0,0,0,-0.5897901055771212,0,0,1,1,0,1,0,0,1,1,-0.8199025343570646,-0.6963567478397217,1,0,3,1,0,0,0,0,1,0,0,0.06852105508220871,0,0.15833789977755042,0,0.27065484916583066
1,0,1,1,-0.9566396673579334,0,0,0,1,0,0,0,0,0,1,-1.1608094386734538,-0.9006221318964711,0,0,1,1,0,0,0,1,0,1,0,0.42007841106654814,1,0.586018457424303,1,0.7323050513146641
1,0,0,1,1.3667408905872107,1,0,0,1,1,1,1,1,2,1,0.4871844256072372,1.2819512908602195,3,2,3,1,0,0,1,0,0,0,0,0.026075915147096673,0,0.03411773853386623,0,0.04412712538199806
1,0,1,1,-1.078922854618204,1,0,0,0,0,0,0,0,0,1,0.1645700868883126,-0.8437542960327239,0,0,0,1,1,0,0,1,0,0,1,0.5956093250639425,1,0.7818810882265897,1,0.8121842660879334
0,0,0,0,-1.2419671042985652,1,0,0,0,0,0,1,0,0,1,0.5104658727312833,-0.9460193414416967,0,1,0,1,1,0,0,1,0,1,1,0.742080156294776,1,0.8995433057612039,1,0.8737769661313282
0,0,0,0,0.103147955564413,1,0,1,1,1,0,0,0,0,0,-0.1430776072508678,-0.135774004315513,2,0,3,1,0,0,0,1,0,0,0,0.10768589242479992,0,0.292569106677408,0,0.24067736851525526
0,0,0,0,-0.8343564800976626,1,1,1,0,0,0,0,0,0,1,0.4688918600097724,-0.6013270205701239,0,0,1,1,1,0,0,1,0,1,1,0.5559452194466667,1,0.711671169805467,1,0.8014943477995425
1,0,1,1,0.8368470791260375,1,1,0,0,0,0,0,0,2,0,-1.3071499634531722,-0.420995539504905,3,0,0,0,0,1,1,0,0,0,0,0.016939436232067357,0,0.011464647068137556,0,0.013904230260119152
0,0,1,0,0.7960860167059473,1,0,1,0,1,0,1,0,1,1,-0.0183555690863351,0.4942280873325175,3,1,2,1,0,0,0,0,1,0,0,0.04434897433902973,0,0.07949433215527794,0,0.10196181777384418
1,0,0,0,0.5515196421854057,1,0,0,0,0,0,0,0,2,0,-1.4900756194278202,-0.6125108812306823,2,0,0,0,0,1,0,0,0,0,0,0.01533519654752052,0,0.029818796991252988,0,0.01955300431669806
1,0,1,1,-0.0191352316958577,1,0,0,0,0,0,0,0,0,1,0.1629071263794523,0.025388295459715,2,0,0,1,1,0,0,0,0,1,0,0.2908634803592634,1,0.523102125885207,1,0.5513686306777431
0,1,0,0,-1.2827281667186554,1,0,0,0,0,0,0,0,0,0,-0.656932404488742,-0.9905562540130336,0,0,0,1,0,0,0,0,1,1,1,0.7337619442219517,1,0.757889679341785,1,0.6214926972136536
1,0,0,1,-1.201206041878475,1,0,1,0,1,0,0,0,0,0,-0.2977329345748882,-0.9409457951854276,0,0,2,1,0,0,0,0,1,0,0,0.26019445378897665,1,0.5440764864605813,0,0.4131831446090401
1,1,1,0,1.081413453646579,0,0,1,0,1,1,1,1,2,1,-0.0266703716306373,0.7043390790323596,3,2,3,1,0,0,1,0,0,0,0,0.023786718348327494,0,0.0878621113147879,0,0.09520042354587163
0,0,0,0,-1.2827281667186554,1,0,0,0,0,0,0,0,0,0,-0.6951804961925321,-0.9910636086386604,0,0,0,1,0,0,0,0,1,1,0,0.42825210403557656,1,0.6211940496118951,1,0.561887416849408
1,1,1,0,-0.7935954176775724,1,0,0,1,1,0,1,1,0,1,1.102479813885598,-0.4643412716508567,1,2,2,1,1,0,0,1,0,1,1,0.7103719733548526,1,0.7989794603861756,1,0.8686900566283838
1,0,1,1,1.5297851402675715,1,0,0,0,0,0,0,0,2,0,-1.4900756194278202,-0.4103410923667397,3,0,0,0,0,1,1,0,0,0,0,0.014854957177459386,0,0.0006698428088908043,0,0.005331479058144795
1,0,0,0,-0.0598962941159479,1,0,1,1,1,1,1,0,0,1,0.2527069938579159,-0.0591634558458488,2,1,4,1,0,0,0,0,0,0,0,0.08761429473199853,0,0.26265452894258606,0,0.2601863517704772
0,0,1,1,-0.712073292837392,1,0,0,0,0,0,0,0,0,0,-1.4983904219721222,-0.8900338614486051,1,0,0,0,0,1,0,0,1,0,0,0.07369898509076833,0,0.13456167577400324,0,0.20071238946369063
1,0,0,0,-1.2827281667186554,1,0,0,0,0,0,0,0,0,0,-1.5183459480784474,-1.0019827625380224,0,0,0,0,0,1,0,0,1,0,0,0.18420768401844867,0,0.4153874265914644,0,0.3784362164311177
0,0,1,0,1.5297851402675715,1,1,0,1,1,1,1,1,2,1,0.6634582395464431,1.6002391123024269,3,2,3,1,0,0,0,0,0,0,0,0.03040598264377516,0,0.03281469261227904,0,0.06847733135615296
0,0,0,0,-1.2827281667186554,1,0,0,0,0,0,0,0,0,1,0.1994922575743817,-0.9791959221783438,0,0,0,1,1,0,0,1,0,1,1,0.806586250863569,1,0.9071540790909903,1,0.8549527446924641
0,0,1,1,1.5297851402675715,1,0,1,0,0,1,1,1,2,0,0.3491587033718208,1.388561938932171,3,2,2,1,0,0,1,0,0,0,0,0.02629341245620881,0,0.08424682625887263,0,0.023863859354331243
1,0,0,1,-0.0191352316958577,1,0,0,0,0,0,0,0,2,0,-1.475108974848076,-0.7030405935599372,2,0,0,0,0,1,0,0,1,0,0,0.014398636540027914,0,0.0217588805107809,0,0.026945856361643865
0,0,1,0,0.6738028294456765,0,0,0,1,0,1,1,1,1,1,-0.2844292505040047,0.2162859880760334,3,2,2,1,0,0,1,0,0,0,0,0.14342899438288426,0,0.24322517749896055,0,0.20333693807562236
0,0,0,0,0.1439090179845032,1,1,1,0,1,1,1,1,1,1,0.8247654089059057,0.4666544663745329,2,2,3,1,0,0,1,0,0,0,0,0.0907475859069523,0,0.15350109048223534,0,0.23707091208173844
1,0,1,1,0.7960860167059473,0,0,0,1,1,1,1,0,2,0,-0.4873104325849776,0.1163150679307647,3,1,3,1,0,0,0,0,1,0,0,0.02755261160423184,0,0.08312364938486319,0,0.04725233118130304
1,0,0,0,1.6113072651077522,1,1,0,1,1,1,1,1,2,1,0.7898432382198362,1.7257101171096394,3,2,3,1,0,0,0,0,0,0,0,0.022103109274464013,0,0.02840458790337755,0,0.07024511757790743
1,0,0,0,-1.2419671042985652,1,0,0,1,0,0,0,0,0,1,-0.4839845115672569,-0.969534125394666,0,0,1,1,0,0,0,0,1,0,0,0.4311124931582144,1,0.7515931494205093,1,0.6069059552115543
1,0,0,0,-0.712073292837392,1,0,0,0,0,0,0,0,0,1,-1.4983904219721222,-0.8739529257059084,1,0,0,0,0,1,0,0,1,0,0,0.10171885186427372,0,0.15097010851395734,0,0.2988319093416656
1,1,1,0,-0.6713122304173017,1,0,1,1,0,0,0,0,0,1,-0.34263286831412,-0.6464374644573866,1,0,2,1,0,0,0,0,0,0,0,0.18084819638295993,0,0.38505940566713726,0,0.4491694039328531
1,0,1,0,0.0216258307242325,1,0,1,1,0,1,0,0,2,1,-0.1264480021622634,-0.1199798342307794,2,0,3,1,0,0,0,0,1,0,0,0.021162651785123568,0,0.12318892165461012,0,0.05650540389712706
0,0,0,0,-1.038161792198114,1,0,0,0,0,0,0,0,0,0,-1.4900756194278202,-0.9377251962575353,0,0,0,0,0,1,0,0,1,1,0,0.09013676451699819,0,0.1739487671640142,0,0.3242518118132901
1,0,1,0,-0.9974007297780236,1,0,1,0,0,0,0,0,0,1,0.337517979809798,-0.7201141796571212,0,0,1,1,1,0,0,0,1,0,0,0.40219981366302693,1,0.5962494336248735,1,0.7096356816283826
1,0,0,0,-0.712073292837392,1,1,0,0,0,0,0,0,0,1,-1.2805425953114051,-0.8434234125812281,1,0,0,0,0,1,0,1,0,0,0,0.21598893768133248,0,0.35287722512960473,0,0.4489012720397598
1,0,0,0,0.0623868931443227,1,1,0,1,1,0,1,1,0,1,1.3801942188652905,0.5553974080657104,2,2,2,1,1,0,0,1,0,1,1,0.5411196517572087,1,0.7381808506524628,1,0.8071841984649571
1,1,1,0,-1.201206041878475,0,0,0,0,0,0,1,0,0,1,-0.9446245725215972,-0.9691150063561048,0,1,0,1,0,0,0,0,1,1,1,0.7015303247805449,1,0.7469520434768806,1,0.8293495955608488
1,0,0,0,0.429236454925135,1,1,0,0,0,1,1,1,1,1,1.1689982342400156,0.847589554633281,2,2,1,1,1,0,0,1,0,1,0,0.3061799009552394,0,0.4832277989530223,1,0.5870112871591118
0,1,0,0,0.266192205244774,1,1,0,0,1,0,1,1,0,1,1.1606834316957133,0.7701407680864939,2,2,1,1,1,0,0,1,0,0,1,0.7506784021493395,1,0.8064673894442369,1,0.842255198544679
1,0,0,0,-1.1196839170382944,1,0,0,0,1,1,1,1,0,0,0.3425068613363795,-0.837224862589873,0,2,2,1,0,0,0,0,0,0,0,0.2473198331385662,1,0.5344130198677316,1,0.579441403941371
1,0,1,1,0.6330417670255862,1,1,0,0,0,0,0,0,2,0,-1.282205555820266,-0.4611647905164969,2,0,0,0,0,1,0,0,0,0,0,0.016939436232067357,0,0.009510966313789978,0,0.02072350048916084
0,1,1,0,1.570546202687662,1,0,1,1,1,1,1,1,2,1,1.49161257295894,2.4767273164180725,3,2,4,1,1,0,0,0,0,0,0,0.025611560416015266,0,0.09836647771550072,0,0.15399511226348278
1,0,1,1,1.407501953007301,1,1,1,0,1,0,1,1,2,1,0.493836267642679,1.3248779039676095,3,2,2,1,0,0,0,1,0,1,0,0.035387786109269403,0,0.07769718251307109,0,0.08315749930313839
1,0,1,1,0.9998913288063984,1,0,1,1,0,1,0,0,1,0,-0.1746738569192159,0.5378164673428996,3,0,3,1,0,0,0,0,1,0,0,0.04026627310279024,0,0.11101110218531454,0,0.03263040944933426
0,0,1,1,-1.3234892291387457,1,0,1,1,1,0,1,1,2,0,0.5320843593464687,0.5320843593464687,0,2,3,1,0,0,0,0,1,0,0,0.04008469552521188,0,0.21185198400361155,0,0.3517630386666018
1,0,0,0,-0.9974007297780236,0,0,1,0,0,0,0,0,0,0,-1.180764964779779,-0.9149604147946232,0,0,1,1,0,0,0,0,1,0,0,0.07031195007044523,0,0.4885364984210462,1,0.5747908064108764
1,0,0,0,-0.9566396673579334,0,0,1,1,1,0,0,0,1,0,-0.8415210209722505,-0.8458940090190634,0,0,3,1,0,0,0,0,1,0,0,0.05179638184312617,0,0.12315008101457142,0,0.35425248268797765
0,0,1,0,-1.078922854618204,1,1,0,1,0,0,0,1,0,1,0.861350540100835,-0.7844599815246739,0,1,1,1,1,0,0,1,0,0,1,0.78665070343769,1,0.9064551095925136,1,0.8809308410188623
1,0,0,0,1.24445770332694,1,1,1,0,1,1,0,1,2,1,0.2344144282604512,0.9656708290237538,3,1,3,1,0,0,0,0,0,0,0,0.018487294637665918,0,0.06990764565518402,0,0.044749876546256326
0,1,1,1,-0.8751175425177529,1,1,0,0,1,0,0,0,0,1,0.4406215313591448,-0.6289006415281084,0,0,1,1,1,0,1,0,0,0,1,0.6086391703332318,1,0.6843188983348543,1,0.7990769285302555
1,0,0,0,-1.1196839170382944,1,1,0,0,0,0,1,1,0,1,0.9977133018273904,-0.8062762304266313,0,2,0,1,1,0,0,0,0,1,1,0.7900140045329868,1,0.906225239300925,1,0.8839813224043543
1,0,0,0,-1.2827281667186554,1,0,0,0,0,0,0,0,0,0,-1.4867496984100992,-1.0015636434994608,0,0,0,0,0,1,0,0,1,1,0,0.41543664484785137,1,0.6490142822474304,0,0.3794271230005157
0,0,1,1,1.1629355784867594,1,1,1,1,1,1,1,1,2,0,0.7732136331312318,1.427826775176341,3,2,4,1,0,0,0,0,1,0,0,0.01597102613973618,0,0.02609594739417116,0,0.03860299915724307
0,0,1,1,1.4890240778474817,0,0,0,1,1,0,1,1,2,1,-0.3293291842432363,0.6538903821276312,3,2,2,1,0,0,1,0,0,0,0,0.026834602925092755,0,0.08874951437376405,0,0.06557704058463026
1,0,0,0,0.7145638918657667,1,1,0,0,0,0,0,0,2,0,-1.328768450068358,-0.4831354516958189,3,0,0,0,0,1,0,0,0,0,0,0.01575447854235597,0,0.09266402018535447,0,0.019504955380336406
1,0,1,0,0.1439090179845032,1,0,0,0,0,0,0,0,1,0,-1.4917385799366805,-0.7162979905165361,2,0,0,0,0,1,0,0,1,0,0,0.024440642379044874,0,0.0061819805058631674,0,0.053949601561540404
1,0,1,1,0.103147955564413,1,0,0,0,0,0,0,0,2,0,-1.4884126589189597,-0.7213494778760389,2,0,0,0,0,1,0,0,1,0,0,0.01367580861739989,0,0.012037544177813393,0,0.02331954944962121
1,1,1,0,0.429236454925135,1,1,0,1,0,1,1,0,0,1,0.979420736229926,0.7335891761445896,2,1,2,1,1,0,0,1,0,0,0,0.344512475494093,1,0.5979225136301695,1,0.7121536355272929
0,0,1,0,-0.1006573565360382,1,0,0,1,1,1,0,1,1,0,0.1795367314680566,-0.0403472169041201,2,1,3,1,0,0,0,0,0,0,0,0.05698017208736496,0,0.17423060587763597,0,0.1584905596005326
0,0,0,1,0.266192205244774,0,0,0,0,1,0,0,0,0,0,-1.1558205571468725,-0.5113487806600288,2,0,1,1,0,0,1,0,0,1,0,0.10916794299167204,0,0.3241299159697407,0,0.26894170636725667
0,1,0,0,1.5297851402675715,1,1,0,1,1,1,1,0,2,1,0.3541475848984023,1.2892527856898937,3,1,3,1,0,0,0,0,0,0,0,0.030787020863659708,0,0.05510208003763974,0,0.05988746007223924
0,0,1,0,1.2852187657470302,1,0,0,0,0,0,0,0,2,0,-1.510031145534145,-0.4772457262591935,3,0,0,0,0,1,1,0,0,0,0,0.010852115782201452,0,0.008796997053232385,0,0.007745733229367536
1,0,1,1,1.24445770332694,1,1,0,1,0,0,0,1,1,1,0.88130606620716,1.5328050648875795,3,1,1,1,1,0,0,1,0,0,0,0.1405373740514125,0,0.39130763995609075,0,0.3824205751152911
1,0,0,0,-0.9566396673579334,1,0,1,0,1,1,1,0,0,1,0.1545923238351501,-0.7222538926434607,0,1,3,1,0,0,0,0,1,0,0,0.1508991494839378,0,0.3407049781184988,0,0.47626987687883104
0,0,0,0,1.2036966409068497,1,0,1,0,0,1,0,1,2,1,0.0082517990554316,0.6866478438257168,3,1,2,1,0,0,0,0,1,0,0,0.014973049132940713,0,0.029752307306475136,0,0.03151795559893672
1,1,0,0,-0.5082679807369407,1,0,0,0,0,0,1,1,0,0,0.8347431719590681,-0.2831936114052815,1,2,0,1,1,0,0,1,0,0,0,0.47663597936529584,1,0.7324093492655614,1,0.8258316571179202
1,0,1,1,-1.078922854618204,1,0,0,1,0,0,0,1,0,1,0.6218842268249323,-0.7997688558805469,0,1,1,1,1,0,1,0,0,1,1,0.5555511575294503,1,0.7286977734492514,1,0.7649547725189514
0,0,1,0,-0.3044626686364894,1,1,0,0,0,0,0,0,1,1,-1.2655759507316615,-0.6868273044366423,2,0,0,0,0,1,0,0,1,0,0,0.042384554585025894,0,0.20645889731259687,0,0.13795275435492946
0,0,1,1,0.3884753925050447,1,1,0,0,0,0,1,1,0,1,0.9760948152122052,0.8364498117662552,2,2,0,1,1,0,0,1,0,1,0,0.4698176212226308,1,0.6453511310484449,1,0.7675846884368587
0,0,0,0,-0.8343564800976626,1,0,0,0,0,0,0,1,0,0,0.4406215313591448,-0.5925255207603352,0,1,0,1,1,0,0,0,0,1,0,0.43452934611485106,1,0.6527091568251465,1,0.7460327410222053
0,0,1,1,1.6113072651077522,1,1,1,1,1,0,1,1,2,0,1.4866236914323585,2.469227291517501,3,2,3,1,1,0,1,0,0,0,0,0.015645733435046605,0,0.043712825024085654,0,0.11630024714440396
0,0,0,0,-1.201206041878475,1,1,0,0,0,0,0,0,0,1,0.3541475848984023,-0.9131295263630128,0,0,0,1,1,0,0,1,0,1,1,0.7423538240867101,1,0.851943978128375,1,0.87709853264789
1,0,0,1,1.2036966409068497,1,0,1,1,0,0,0,0,1,0,-0.289418132030586,0.5283532006301191,3,0,2,1,0,0,0,0,0,0,0,0.030759508585785703,0,0.0956621983964295,0,0.03674040431129386
1,0,1,1,1.6113072651077522,1,1,0,0,0,0,0,0,2,0,-1.2888573978557074,-0.1936344905337477,3,0,0,0,0,1,0,0,1,0,0,0.011168350567427661,0,0.001083982237233011,0,0.007194957533760499
0,0,0,0,-1.038161792198114,1,0,1,0,0,0,0,1,1,1,-0.1913034620078202,-0.8475484262765425,0,1,1,1,0,0,0,1,0,0,0,0.10710885359687601,0,0.41881838056255033,0,0.4772426793789525
1,1,0,0,-0.7935954176775724,1,0,0,1,0,0,1,0,0,1,-0.1646960938660534,-0.6626507535806815,1,1,1,1,0,0,0,1,0,0,0,0.309276732377861,0,0.4577303309180811,1,0.6898687976930062
1,0,1,1,-0.6713122304173017,1,0,0,0,0,0,0,0,0,0,-1.5000533824809827,-0.8721882139645974,1,0,0,0,0,1,0,1,0,0,0,0.09356429021035755,0,0.3343546172299338,0,0.2664622155210878
1,0,1,1,1.407501953007301,1,0,1,0,1,1,0,1,2,0,0.0997146270427556,1.0311636935231585,3,1,3,1,0,0,0,0,1,0,0,0.0225853538312776,0,0.058396487676657165,0,0.018344071382513934
0,0,0,0,-1.2419671042985652,1,0,0,0,0,0,0,0,1,0,-1.4767719353569364,-0.9951003867469091,0,0,0,0,0,1,0,0,1,0,0,0.0372633964152173,0,0.16835016282115106,0,0.217045400956049
1,0,0,0,1.3667408905872107,1,1,0,0,0,0,0,0,2,0,-1.322116608032916,-0.2614655980903896,3,0,0,0,0,1,0,0,1,0,0,0.014788186856011076,0,0.004437268814203799,0,0.010711151216985916
0,0,0,0,-1.078922854618204,0,0,1,1,1,1,1,1,2,1,-0.0482888582458229,-0.8565705150539951,0,2,4,1,0,0,0,0,1,0,0,0.053634281909928,0,0.18198037771216546,0,0.311681119490596
0,1,1,0,0.103147955564413,1,1,1,1,0,1,1,0,0,1,1.18562783932862,0.6013240311333294,2,1,3,1,1,0,0,0,0,1,0,0.28102135850027626,0,0.44445695515918077,1,0.6163636523058686
0,0,0,0,-1.201206041878475,1,0,0,0,0,0,0,0,0,0,-1.4934015404455407,-0.9848650586473054,0,0,0,0,0,1,0,0,1,0,0,0.14557568016247535,0,0.32086509483370806,0,0.3567987733749159
1,1,0,0,0.5107585797653155,1,0,1,0,1,0,0,1,1,0,-0.0715703053698689,0.2210948275711059,2,1,2,1,0,0,1,0,0,1,0,0.08852616685538547,0,0.14306849191756765,0,0.1278949785943508
1,0,1,0,1.1221745160666692,1,1,1,0,1,1,1,1,0,1,1.4832977704146375,1.8893430133227032,3,2,3,1,1,0,0,0,0,0,0,0.16243162072785688,0,0.2933821255368482,1,0.5126769802661891
0,0,1,0,-0.6305511679972114,0,0,0,1,1,0,0,0,0,1,-0.9712319406633644,-0.7254303737778206,1,0,2,1,0,0,1,0,0,0,0,0.24776721642470614,0,0.4937323958789159,1,0.5823415075278755
1,0,1,1,1.6113072651077522,1,1,0,0,0,0,0,0,2,0,-1.3071499634531722,-0.1864653490846717,3,0,0,0,0,1,1,0,0,0,0,0.011947152012877752,0,0.0006698428088908043,0,0.007058195976324025
1,0,1,0,1.407501953007301,1,1,0,0,0,0,0,0,2,0,-1.3054870029443115,-0.2229948821298096,3,0,0,0,0,1,1,0,0,0,0,0.016430895256126263,0,0.0012838778966101022,0,0.010211998218467739
1,0,0,0,-1.1604449794583849,1,0,0,0,1,0,0,0,0,1,0.3009328486148686,-0.8865485557595159,0,0,1,1,1,0,0,1,0,1,1,0.6997301237042032,1,0.8041224469192598,1,0.8411425656086673
0,0,1,1,0.7960860167059473,1,1,0,0,0,0,0,0,2,0,-1.390297988896194,-0.456730952266453,3,0,0,0,0,1,0,0,1,0,0,0.01479269659243229,0,0.003863714810175201,0,0.014092908639524294
1,0,1,1,0.1846700804045935,1,0,0,0,0,0,1,1,1,0,0.8763171846805791,0.4222940249773275,2,2,0,1,1,0,1,0,0,0,0,0.22469460772024213,0,0.3324073122682927,0,0.38114970535421533
1,0,1,0,-0.8343564800976626,1,0,1,1,1,0,0,0,0,1,0.6568063975110013,-0.5869666787752055,0,0,3,1,1,0,0,1,0,0,0,0.4985245114077984,1,0.7254418958726813,1,0.7333313870871897
1,0,1,1,0.6330417670255862,1,1,0,0,0,0,0,0,2,0,-1.3736683838075896,-0.4927972484794967,2,0,0,0,0,1,0,0,1,0,0,0.01479269659243229,0,0.0026799277175423965,0,0.01925821779975678
0,0,1,1,1.5297851402675715,0,0,0,1,1,1,1,1,1,1,-0.2145849091318664,0.8041776457970299,3,2,3,1,0,0,0,0,0,0,0,0.08974618575272711,0,0.12214209361014065,0,0.10855603715882207
1,1,1,0,-1.2827281667186554,1,0,0,0,0,0,0,0,0,0,0.1994922575743817,-0.9791959221783438,0,0,0,1,1,0,0,0,1,1,1,0.7570044932530856,1,0.8394307786750292,1,0.7910788978957827
0,0,0,0,-1.038161792198114,1,0,0,0,0,0,0,0,1,0,-1.4834237773923784,-0.9534752485487358,0,0,0,0,0,1,0,0,1,0,0,0.03628178279128487,0,0.02583520101710043,0,0.18615533740100518
0,0,0,0,-1.201206041878475,1,0,0,0,0,0,0,0,0,0,-1.4917385799366805,-0.98239446220947,0,0,0,0,0,1,0,0,1,0,0,0.13729483558874062,0,0.3530526706622851,0,0.35716124097211954
0,0,0,0,-1.2827281667186554,1,0,1,0,0,0,0,0,0,0,0.3474957428629605,-0.9772326803661352,0,0,1,1,1,0,0,0,1,1,0,0.40202576519764044,1,0.7227291400393565,1,0.6739606060787319
1,0,0,0,-1.2827281667186554,1,1,0,0,0,0,0,0,0,1,-1.3570387787189853,-0.9998430495516826,0,0,0,0,0,1,0,0,1,1,0,0.20321167183621153,0,0.2306586591693596,1,0.5151126719869116
0,0,0,0,-1.2827281667186554,1,1,0,0,0,0,0,0,0,0,0.3707771899870067,-0.976923855811406,0,0,0,1,1,0,0,1,0,1,1,0.8799086158923961,1,0.9323587127372935,1,0.8459934515937242
0,0,0,0,1.6113072651077522,1,1,1,1,1,1,1,1,2,0,1.6695493474070064,2.697647167533445,3,2,4,1,1,0,1,0,0,0,0,0.01643906367131941,0,0.08614881658098517,0,0.11963469346955154
1,1,1,0,-1.2827281667186554,1,1,0,0,0,0,0,0,0,0,0.3142365326857518,-0.977673858301463,0,0,0,1,1,0,0,1,0,0,1,0.7892305396957802,1,0.9205751459813095,1,0.8754611991201382
0,0,1,1,-0.5897901055771212,1,1,0,0,0,0,0,0,2,1,-1.33708325261266,-0.8025041590795791,1,0,0,0,0,1,1,0,0,0,0,0.018770503569874718,0,0.05672157722738217,0,0.08366887479130942
0,0,1,1,0.3069532676648642,1,0,1,1,0,1,0,1,0,1,0.216121862662986,0.2456684385688617,2,1,3,1,0,0,0,0,1,0,0,0.10875582146536762,0,0.20879653778841414,0,0.19463639328589621
0,1,0,0,-0.0191352316958577,1,0,0,0,0,0,0,1,0,1,0.4871844256072372,0.1652858187521452,2,1,0,1,1,0,0,1,0,0,0,0.48984490487367033,1,0.6652248393251794,1,0.777435909897204
1,0,0,0,-1.2827281667186554,1,0,0,0,0,0,0,0,0,0,-1.510031145534145,-1.0018724680541904,0,0,0,0,0,1,0,0,1,0,0,0.35070887277731294,1,0.6015472958868594,0,0.3786968833163443
0,0,0,0,0.8368470791260375,1,0,0,0,0,0,0,0,2,0,-1.4967274614632615,-0.5473930179763061,3,0,0,0,0,1,1,0,0,0,0,0.014849444445190195,0,0.03170791753062641,0,0.012003450741519373
1,1,1,0,0.9998913288063984,1,1,0,1,0,0,0,1,0,1,0.831417250941347,1.1625023648702308,3,1,1,1,1,0,0,1,0,0,0,0.4113603825656989,1,0.5629416628497822,1,0.672515964654627
1,0,0,0,-0.9566396673579334,1,0,0,0,0,0,0,0,0,0,-0.6619212860153233,-0.8203056887700538,0,0,0,1,0,0,0,0,1,1,0,0.12426626356839958,0,0.4002644790884058,1,0.5061216110647764
1,0,1,0,-0.3452237310565796,1,1,0,1,1,0,1,1,0,1,1.323653561564036,0.1112194627777291,1,2,2,1,1,0,0,1,0,1,1,0.6889178056788485,1,0.7867893313422618,1,0.8511336372378846
1,0,0,0,-1.2419671042985652,0,0,0,0,0,0,0,0,0,1,-1.328768450068358,-0.988526835510526,0,0,0,1,0,0,1,0,0,0,0,0.38947500306651295,1,0.7289195634032549,1,0.7619581589039714
1,0,1,1,1.4482630154273912,1,0,0,0,0,0,0,0,2,1,-1.4934015404455407,-0.4354882346804217,3,0,0,0,0,1,0,0,0,0,0,0.01499624117451491,0,0.0012203336590813905,0,0.008356248685941974
0,1,0,0,0.918369203966218,1,1,0,0,1,0,1,1,1,1,1.173987115766597,1.3762089567429938,3,2,1,1,1,0,0,1,0,0,0,0.3211120755609115,1,0.6248786635519099,1,0.6105459384089279
0,0,1,1,1.4482630154273912,1,1,0,1,1,1,1,1,2,0,0.6800878446350476,1.4424959415259888,3,2,3,1,0,0,0,0,0,0,0,0.028955789453580898,0,0.0253478381280947,0,0.043014086309820336
0,0,1,1,1.1221745160666692,0,0,0,1,0,0,1,1,0,1,-0.5022770771647217,0.3437202346954547,3,2,1,1,0,0,0,1,0,0,0,0.2592908175969886,0,0.4381601091351465,0,0.36997576483536965
1,1,1,0,1.570546202687662,1,1,0,0,0,0,0,0,2,0,-1.330431410577218,-0.1717741238382576,3,0,0,0,0,1,0,0,0,0,0,0.012978068717045358,0,0.0016786147387153653,0,0.011991427373977107
1,0,1,0,1.407501953007301,1,1,0,1,1,0,1,1,1,0,1.305360995966571,2.095814287056091,3,2,2,1,1,0,0,1,0,1,0,0.22268742740774175,0,0.38281527913246804,0,0.41631377990744195
0,0,1,0,0.755324954285857,1,1,0,0,1,0,1,1,1,1,1.1307501425362254,1.1722965150345068,3,2,1,1,1,0,0,1,0,0,0,0.30837979160011975,0,0.4732199075374788,1,0.5629049414388665
0,0,0,0,-1.2419671042985652,1,0,0,0,0,0,0,0,0,1,0.176210810450336,-0.9558355505027392,0,0,0,1,1,0,0,1,0,0,1,0.7072168028356945,1,0.8514457817967529,1,0.8508285644198817
0,0,0,0,-1.2827281667186554,0,0,1,0,0,0,0,0,0,0,-1.1624723991823145,-0.9972621586300152,0,0,1,1,0,0,0,0,1,0,0,0.13884043576818153,1,0.5849829128634778,1,0.631440484269312
0,1,1,0,0.592280704605496,1,1,0,0,1,0,1,1,0,0,1.159020471186853,1.0839065156915917,2,2,1,1,1,0,0,1,0,0,1,0.54887969245213,1,0.7005742597952802,1,0.765616914889574
0,0,1,1,1.1629355784867594,1,1,1,1,1,0,0,1,1,1,1.1922796813640617,1.6448422015640622,3,1,3,1,1,0,1,0,0,0,0,0.09680533386273323,0,0.26775853197218985,0,0.24064647290108945
1,0,0,0,-1.1604449794583849,1,1,0,0,0,0,0,0,0,1,0.3158994931946121,-0.893386813757096,0,0,0,1,1,0,0,1,0,1,1,0.734249434769262,1,0.8574069422154414,1,0.875273800319136
0,0,1,1,-0.2637016062163992,1,0,0,0,0,0,0,0,2,0,-1.5033793034987035,-0.7921144187026103,2,0,0,0,0,1,1,0,0,0,0,0.014240431948574824,0,0.010580081233069633,0,0.031343631059734735
0,0,0,0,-1.038161792198114,1,0,0,1,0,0,1,1,1,1,0.9711059336856236,-0.7309892157629503,0,2,1,1,1,0,0,0,1,0,0,0.36063936058125284,1,0.6369692982788506,1,0.694096280046481
0,1,0,0,-0.3044626686364894,1,1,1,1,0,0,1,1,0,1,1.2621240227361998,0.1631681646625719,2,2,2,1,1,0,0,0,1,1,1,0.6743177798419417,1,0.7822155522018529,1,0.7534056812439167
0,0,1,0,1.4890240778474817,1,1,1,1,1,1,1,1,2,1,1.7011455970753546,2.599639489200385,3,2,4,1,1,0,0,1,0,0,0,0.04345995253174311,0,0.11783263685285707,0,0.23011983897835275
1,0,1,0,0.3884753925050447,1,1,0,1,1,0,1,0,0,1,1.0110169858982745,0.7363244793436217,2,1,2,1,1,0,0,0,0,1,0,0.18574573628871963,1,0.5418614204535205,1,0.6494157339891484
0,1,1,0,1.5297851402675715,1,0,0,0,0,0,0,0,2,1,-1.5067052245164243,-0.3654291785503746,3,0,0,0,0,1,1,0,0,0,0,0.017185452941258093,0,0.000881782945736434,0,0.011078785882425151
1,0,1,1,1.3667408905872107,1,1,0,0,1,0,1,0,2,1,-0.0516147792635438,0.8379498167463694,3,1,1,1,0,0,0,0,0,0,0,0.024656782830485217,0,0.05254918367786544,0,0.055025921236029805
1,1,0,0,-1.2419671042985652,1,1,0,0,0,0,1,1,0,1,0.9694429731767632,-0.9302913480472624,0,2,0,1,1,0,0,1,0,1,1,0.8362432363706387,1,0.9284461046160893,1,0.9349725523292293
0,0,1,0,0.5515196421854057,1,1,0,1,1,1,1,1,2,1,1.4650052048171731,1.1311566725651938,2,2,3,1,1,0,1,0,0,0,0,0.25770950664801123,0,0.36401560849101666,0,0.27814657483106653
1,0,1,0,1.2852187657470302,1,1,1,1,1,0,0,0,1,0,0.8181135668704638,1.501018194647215,3,0,3,1,1,0,0,0,0,0,0,0.055513879662485645,0,0.15109676853164491,0,0.16306201001483106
1,0,1,1,1.6113072651077522,1,1,1,1,1,1,1,1,2,1,0.9012615923134856,1.9078945455032348,3,2,4,1,0,0,1,0,0,0,0,0.016043564795067602,0,0.02424848648142948,0,0.043462308452818184
1,0,1,1,1.4482630154273912,1,0,1,0,0,1,1,1,2,1,1.1540315896602715,1.9313210938691387,3,2,2,1,1,0,0,1,0,0,0,0.03825152184136158,0,0.10804815865086112,0,0.14475667724813593
1,0,1,1,1.4482630154273912,1,0,1,1,0,1,0,1,2,0,1.0060281043716928,1.938115234073186,3,1,3,1,1,0,0,0,0,0,0,0.0431028614281142,0,0.17485561927596702,0,0.06107894261863133
0,0,1,0,1.6113072651077522,1,0,0,0,0,0,0,0,2,0,-1.5116941060430058,-0.3502526575750999,3,0,0,0,0,1,0,0,0,0,0,0.010365901031932091,0,0.010947117103664654,0,0.006311793430038877
0,0,0,0,-0.9158786049378432,1,1,0,1,0,0,0,0,0,1,0.5370732408730502,-0.6495477689014472,0,0,1,1,1,0,1,0,0,1,1,0.579461849207341,1,0.7622609666287952,1,0.7835337651866476
1,0,0,0,-1.2419671042985652,1,1,0,0,0,0,0,0,0,0,-1.330431410577218,-0.9831003469059943,0,0,0,0,0,1,0,0,1,0,0,0.10169069979588896,0,0.2090655657640788,0,0.4294683622882204
0,0,0,0,-1.201206041878475,1,0,0,1,0,1,1,1,0,1,1.0991538928678777,-0.8713499758874748,0,2,2,1,1,0,0,1,0,1,1,0.7793286718384522,1,0.8489571051611677,1,0.8508345390119956
1,0,1,0,-0.0598962941159479,1,1,0,0,0,0,1,0,0,1,-0.1929664225166808,-0.1798035622612227,2,1,0,1,0,0,1,0,0,0,0,0.14410476672678318,0,0.24724534349657193,0,0.4649880573423772
0,1,1,0,-1.2827281667186554,1,0,0,0,0,0,0,0,0,1,0.1861885735034985,-0.9793723933524752,0,0,0,1,1,0,0,0,1,1,1,0.7478275246026169,1,0.8276189581926403,1,0.8353400572490387
1,1,1,0,0.1439090179845032,1,0,0,0,1,1,0,0,1,0,-0.3575995128938637,-0.1312519304784036,2,0,2,1,0,0,1,0,0,0,0,0.05933986077035045,0,0.21498949737883163,0,0.13158453719996602
0,0,1,1,0.3069532676648642,1,1,0,0,0,0,0,0,0,1,-1.2855314768379864,-0.5350841535806617,2,0,0,0,0,1,0,1,0,0,0,0.12225599872520297,0,0.17212195575464218,0,0.18895103521690404
1,0,0,1,-0.9158786049378432,1,1,0,0,0,0,1,1,0,0,1.0093540253894138,-0.5999814278673742,0,2,0,1,1,0,0,1,0,1,1,0.5232766509272584,1,0.7258994782314419,1,0.8552500808530046
0,0,1,0,-0.4675069183168504,1,0,0,0,1,1,0,0,1,0,0.4772066625540746,-0.2417228854844727,1,0,2,1,1,0,0,1,0,0,0,0.09914803837028732,0,0.23022028700244712,0,0.4489113995073817
0,0,0,0,-1.2827281667186554,1,1,0,0,0,0,0,0,0,1,-1.3004981214177305,-0.9990930470616256,0,0,0,0,0,1,0,0,1,0,0,0.2259875317836756,0,0.3334289186554274,1,0.512013201984537
0,0,1,0,1.5297851402675715,1,1,0,0,1,0,1,1,1,1,1.0908390903235752,2.070071554529717,3,2,1,1,1,0,0,1,0,0,0,0.3961084907696436,0,0.3787635977309286,0,0.48268547681855284
0,0,0,0,-0.3452237310565796,1,1,1,0,0,1,0,0,0,1,0.6484915949666992,-0.1554284813343644,1,0,2,1,1,0,0,1,0,0,0,0.41122291905987646,1,0.5989006019573941,1,0.6689303339011514
1,0,0,0,-0.9566396673579334,1,0,0,0,0,0,0,0,0,0,-1.4967274614632615,-0.9315707640597128,0,0,0,0,0,1,0,0,1,0,0,0.09758759349251675,0,0.27243160150953183,0,0.31054605461548584
0,0,0,0,-0.0598962941159479,1,1,1,1,0,0,1,1,0,0,1.3136757985108731,0.4037866105903282,2,2,2,1,1,0,0,1,0,0,0,0.379884999168581,1,0.5903858961281881,1,0.6954381968133201
1,0,1,0,1.6113072651077522,1,1,0,1,1,1,1,1,2,1,1.441723757693127,2.448646340834461,3,2,3,1,1,0,0,1,0,0,0,0.05061721244268867,0,0.24099217688697547,0,0.2569498584318741
1,0,0,0,-1.1604449794583849,1,1,1,0,0,0,0,0,0,1,0.5071399517135622,-0.8621514159358911,0,0,1,1,1,0,0,1,0,0,0,0.43014507672450075,1,0.7248905086792091,1,0.8346505451145594
0,0,1,0,0.6738028294456765,1,1,1,1,1,1,0,1,2,0,1.3901719819184537,1.272355670766841,3,1,4,1,1,0,1,0,0,0,0,0.19836453334202014,0,0.2073120520826503,0,0.12040243027822145
1,0,0,0,-0.8751175425177529,1,0,0,0,0,0,0,0,2,0,-1.4784348958657971,-0.9083427457647067,0,0,0,0,0,1,0,0,1,0,0,0.016424937172263024,0,0.02931723747331224,0,0.08833324186659933
0,0,1,1,1.407501953007301,1,1,1,0,1,1,1,1,1,1,1.4816348099057777,2.202027874986248,3,2,3,1,1,0,0,1,0,0,0,0.182045446340668,0,0.34645904474160355,0,0.338326404431784
1,0,1,0,-1.2419671042985652,1,0,0,0,0,0,0,0,0,0,-1.4917385799366805,-0.9936886173538604,0,0,0,0,0,1,0,0,1,0,0,0.1389592532851734,0,0.3424106370665873,0,0.3684456211200815
0,1,0,0,-0.3859847934766699,1,0,0,1,0,0,1,1,0,1,0.9943873808096698,0.0014323335714179,1,2,1,1,1,0,0,1,0,1,0,0.4934316341714477,1,0.6805509614975638,1,0.8526540271439048
0,0,1,1,-0.3859847934766699,1,0,0,0,1,0,0,0,0,1,0.3474957428629605,-0.2591714728266853,1,0,1,1,1,0,1,0,0,0,0,0.2537660782644694,1,0.5192298747840121,1,0.6111794466710777
1,0,1,0,0.7960860167059473,1,0,1,1,0,0,1,1,1,1,0.3508216638806817,0.6948978712163456,3,2,2,1,0,0,0,0,1,0,0,0.09189783689159581,0,0.2137085570160437,0,0.1303316253176231
0,0,0,0,-1.1196839170382944,1,0,0,1,0,1,0,1,0,1,0.8147876458527427,-0.8067615261554918,0,1,2,1,1,0,0,1,0,1,1,0.6032203361736375,1,0.7766582656065417,1,0.8189498176600989
1,0,1,1,0.8368470791260375,1,0,0,1,0,1,1,0,0,0,0.004925878037711,0.4735809599591788,3,1,2,1,0,0,1,0,0,0,0,0.08080921718350494,0,0.19316524075594071,0,0.11901595855802738
0,0,1,0,-0.6713122304173017,1,1,0,1,0,0,1,1,0,1,1.1689982342400156,-0.333355542652047,1,2,1,1,1,0,0,1,0,1,1,0.7761051141788505,1,0.8401949911243481,1,0.86569323753152
0,0,0,0,0.9998913288063984,1,0,0,1,1,1,1,0,2,0,0.1629071263794523,0.7076699724440842,3,1,3,1,0,0,0,0,1,0,0,0.01972921392625742,0,0.06439895132888548,0,0.033396139505897725
1,0,0,0,0.5515196421854057,1,1,0,1,1,1,1,1,2,0,1.456690402272871,1.1527302736027207,2,2,3,1,1,0,0,1,0,0,0,0.2587371903405945,0,0.4232435595877901,0,0.3045285676543139
0,0,1,1,1.6113072651077522,1,1,1,1,1,1,1,1,2,0,0.8297542904324867,1.8618135101582507,3,2,4,1,0,0,1,0,0,0,0,0.017799247143899813,0,0.024441185239509843,0,0.03046766147910705
1,0,0,0,1.407501953007301,1,1,1,1,1,1,1,1,1,1,0.7964950802552779,1.593886150033707,3,2,4,1,0,0,0,0,0,0,0,0.09467207708571808,0,0.21736763277872115,0,0.11119608452369927
0,1,0,0,-1.201206041878475,1,0,0,0,1,0,0,0,0,0,0.3391809403186583,-0.920938375818314,0,0,1,1,1,0,0,0,1,0,1,0.520696480231893,1,0.7513771024429218,1,0.7721908267178674
1,0,0,0,-0.1006573565360382,1,0,0,1,0,0,1,1,1,1,1.0692206037083891,0.3224775171094236,2,2,1,1,1,0,0,0,0,0,0,0.23305415292630938,0,0.4109971444154381,1,0.5515937571223765
0,1,0,0,-1.2827281667186554,1,0,0,0,0,0,0,0,0,1,0.1595812053617316,-0.979725335700737,0,0,0,1,1,0,0,1,0,1,1,0.8637673588916827,1,0.935714633997932,1,0.8819091075057536
1,0,1,0,-0.4267458558967602,1,1,1,0,0,1,1,0,0,0,1.03263547251346,-0.0244427523355547,1,1,2,1,1,0,1,0,0,0,0,0.19661593495171076,0,0.4681215159556016,1,0.5867971173065535
0,1,1,0,-0.3452237310565796,0,0,0,0,1,0,0,1,0,1,-0.8049358897773209,-0.5987020118549238,1,1,1,1,0,0,1,0,0,1,0,0.4214068523722303,1,0.5006172715533553,1,0.6662342711217464
1,0,0,1,0.266192205244774,1,1,0,0,0,0,0,0,1,0,-1.310475884470893,-0.5876063867814307,2,0,0,0,0,1,0,0,0,0,0,0.03534300256555688,0,0.0766026508620117,0,0.0571931486608001
1,1,0,0,0.5107585797653155,1,1,0,0,0,0,1,1,0,1,0.9661170521590426,0.8426042439640773,2,2,0,1,1,0,0,0,0,0,1,0.5688083954024837,1,0.7977426593218887,1,0.7648239894447048
1,0,0,0,-0.9974007297780236,1,0,0,0,0,0,0,0,0,1,-1.501716342989843,-0.9359384256194576,0,0,0,0,0,1,0,0,0,0,0,0.1174463330785679,0,0.19785813048059187,0,0.40185967770749187
0,0,0,0,-1.2827281667186554,0,0,0,1,0,0,0,0,0,0,-1.1608094386734538,-0.997240099733249,0,0,1,1,0,0,0,0,0,1,0,0.2768196597224802,1,0.664877175909154,1,0.6923115021625422
0,0,0,0,-0.3859847934766699,1,0,0,0,1,0,0,0,0,0,-0.503940037673582,-0.5334297363231827,1,0,1,1,0,0,1,0,0,0,0,0.09625784768325955,0,0.28200352594891104,0,0.3442184223772998
1,0,1,1,1.6113072651077522,1,1,1,1,1,1,1,1,2,0,1.649593821300681,2.56333054512291,3,2,4,1,1,0,0,0,0,0,0,0.018442210326057154,0,0.05274678815017921,0,0.1022885182557929
0,0,1,1,1.4890240778474817,1,0,0,0,0,0,0,0,2,0,-1.5000533824809827,-0.4036572466465243,3,0,0,0,0,1,0,0,0,0,0,0.014384194744045228,0,0.0394401549445119,0,0.005843247470128289
1,0,1,1,0.1846700804045935,1,1,1,0,1,1,0,0,2,1,-0.0682443843521482,-0.0051191587681991,2,0,3,1,0,0,1,0,0,0,0,0.026368919010266827,0,0.08905715033168243,0,0.05666064151727299
0,0,0,0,0.6330417670255862,0,0,1,1,0,0,1,0,0,1,-0.6669101675419048,-0.0819723551022935,2,1,2,1,0,0,0,1,0,0,0,0.25411191272666667,0,0.4524044548586326,0,0.37824925548731325
0,0,0,0,-1.1604449794583849,1,1,0,0,0,0,0,0,2,1,-1.3154647659974743,-0.9588576193597346,0,0,0,0,0,1,1,0,0,0,0,0.02809306461939517,0,0.0747559083744272,0,0.17549409787238224
1,1,1,0,-1.2827281667186554,1,1,0,0,0,0,1,0,0,1,0.7050322522679541,-0.972490017561362,0,1,0,1,1,0,0,1,0,1,1,0.8788007166748981,1,0.9344110128667428,1,0.9214761348240732
1,0,1,1,0.9591302663863084,1,1,0,0,1,1,1,1,2,1,1.2754277068070834,1.580915518735071,3,2,2,1,1,0,0,1,0,0,0,0.11269023042011857,0,0.3499402200112893,0,0.2867032459558622
0,0,1,1,0.7960860167059473,1,0,0,0,0,0,0,0,2,0,-1.4884126589189597,-0.5345326811615021,3,0,0,0,0,1,0,0,0,0,0,0.015399187230237501,0,0.020383075860703283,0,0.01122261704845888
0,0,0,0,-1.1604449794583849,1,0,0,1,0,0,1,1,0,1,0.1263219951845229,-0.8951956432919398,0,2,1,1,0,0,0,0,0,1,0,0.3657438095609414,1,0.5271901146620565,1,0.6942668425200149
0,0,0,1,-0.4267458558967602,0,0,0,0,1,0,1,1,1,1,-0.5122548402178841,-0.5554224563992711,1,2,1,1,0,0,1,0,0,0,0,0.15639679847425197,0,0.4336538600725468,0,0.45974273808223615
1,0,0,0,-1.2419671042985652,1,0,0,1,0,0,0,0,0,1,0.3292031772654958,-0.9465708138608564,0,0,1,1,1,0,0,1,0,0,1,0.7004636222401419,1,0.8356529715426063,1,0.8376910937744494
1,0,0,0,-1.2827281667186554,1,0,0,0,0,0,0,0,0,0,-1.5033793034987035,-1.001784232467125,0,0,0,0,0,1,0,0,1,1,0,0.40099988295065075,1,0.6486739204539022,0,0.3789054672885765
1,0,0,0,-0.7528343552574821,1,0,0,0,0,0,0,0,1,0,-1.513357066551866,-0.8671587855018611,1,0,0,0,0,1,0,0,1,0,0,0.04935926150412382,0,0.03689743321322268,0,0.1352499616570302
0,1,0,0,-1.1604449794583849,1,1,0,0,0,0,0,1,0,1,0.6568063975110013,-0.8515852043847915,0,1,0,1,1,0,0,1,0,1,1,0.8281019228416342,1,0.8977819651537535,1,0.9181986939625219
1,0,0,0,-0.1414184189561284,1,0,0,0,1,0,0,0,0,0,-0.5288844453064885,-0.4264661459029691,2,0,1,1,0,0,0,0,0,0,0,0.09012912012512225,0,0.19029710711264516,0,0.28844684052179675
1,0,1,1,1.6113072651077522,1,1,1,1,0,1,1,1,2,1,1.4250941526045229,2.483587633312419,3,2,3,1,1,0,1,0,0,0,0,0.0248831965326878,0,0.08553837692466691,0,0.12626045451602516
1,0,1,1,0.592280704605496,1,0,1,0,1,0,0,1,0,0,0.8380690929767889,0.8147879751416623,2,1,2,1,1,0,0,1,0,0,0,0.21245557548203936,0,0.39213752594531104,0,0.46406874344847165
0,0,0,0,-1.2827281667186554,1,1,0,0,0,0,0,0,0,1,0.4090252816907969,-0.9764165011857788,0,0,0,1,1,0,0,1,0,1,1,0.9073551434003309,1,0.9400464854372946,1,0.8831746950671597
0,0,0,0,-1.201206041878475,1,1,0,0,0,0,0,0,0,0,0.3175624537034729,-0.915247180452586,0,0,0,1,1,0,0,0,0,1,1,0.6117783959296204,1,0.8318325437243747,1,0.7872674016107835
1,0,0,0,-0.9158786049378432,1,0,0,0,0,0,0,0,0,0,-1.5000533824809827,-0.9185780738643108,0,0,0,0,0,1,1,0,0,0,0,0.05726873580729591,0,0.12512284677023922,0,0.29845302954607295
1,0,0,0,-1.038161792198114,1,1,0,0,0,0,1,1,0,0,1.0426132355666224,-0.7282318536671518,0,2,0,1,1,0,0,1,0,0,1,0.8075492195492426,1,0.8795685158586595,1,0.8824964327591608
1,0,0,0,1.081413453646579,1,1,0,0,1,0,0,0,2,0,-0.3559365523850034,0.3643232442752608,3,0,1,1,0,0,1,0,0,0,0,0.02460945012763526,0,0.09068649601365422,0,0.03972475467164657
1,0,0,0,-0.3452237310565796,1,0,0,1,0,0,0,0,0,1,-0.503940037673582,-0.4729883591832806,1,0,1,1,0,0,0,0,1,0,0,0.11256036407476139,0,0.22279619845992257,0,0.4060217795606397
0,0,1,1,-0.5897901055771212,1,0,0,0,0,0,1,0,0,0,-0.2960699740660276,-0.5327459105234247,1,1,0,1,0,0,0,0,1,0,0,0.09981960361915837,0,0.330859397804686,0,0.4110399652146346
0,0,1,1,1.407501953007301,0,0,1,0,0,1,0,0,2,0,-0.9695689801545038,0.1126532910675443,3,0,2,1,0,0,1,0,0,0,0,0.017597874487236393,0,0.041955781073767816,0,0.016940404002884383
1,0,1,1,1.570546202687662,1,1,1,0,0,0,1,0,1,1,0.0448369302503615,1.0597961415259298,3,1,1,1,0,0,0,1,0,0,0,0.05063884705525441,0,0.11895779802167833,0,0.10328791129217511
0,0,1,0,-0.2637016062163992,1,0,0,1,1,1,1,1,0,0,0.5670065300325382,-0.0934429814208151,2,2,3,1,0,0,0,0,0,0,0,0.11616434896005884,0,0.2335339737210406,0,0.3544674520042304
1,0,0,0,-1.2827281667186554,1,0,0,0,0,0,0,0,0,0,-1.52832371113161,-1.0021151159186206,0,0,0,0,0,1,0,0,1,0,0,0.4487329776962465,1,0.5132713732735855,0,0.3781235088600927
1,0,1,0,1.5297851402675715,1,1,0,1,1,1,1,0,2,0,0.2693365989465203,1.312591098468732,3,1,3,1,0,0,0,0,0,0,0,0.026084450683263913,0,0.058090918124587373,0,0.03573337083288579
1,1,0,0,1.4482630154273912,1,1,0,1,1,0,0,1,0,1,1.03263547251346,1.8586149701271248,3,1,2,1,1,0,0,1,0,0,0,0.42560454797100294,0,0.46512585642188314,1,0.646606566278651
0,0,1,0,0.5515196421854057,0,0,0,0,0,0,1,1,0,1,-0.6951804961925321,-0.1246342614484873,2,2,0,1,0,0,0,1,0,0,0,0.34765092607873455,0,0.4074106328143283,1,0.5623191466200823
0,0,0,0,1.4890240778474817,1,0,1,0,1,1,1,1,2,1,0.5852990956300029,1.4404224052299484,3,2,3,1,0,0,1,0,0,0,0,0.025243658145331006,0,0.03120002052659353,0,0.04021875859210028
1,0,0,0,-1.2827281667186554,1,1,0,0,0,0,0,0,0,1,-0.4789956300406754,-0.98819595205903,0,0,0,1,0,0,0,1,0,1,1,0.5139047072154911,1,0.7985095356972047,1,0.7712190569486862
0,0,0,0,1.407501953007301,1,0,1,0,1,1,0,1,1,1,0.2493810728401947,1.1916862852921617,3,1,3,1,0,0,0,0,0,0,0,0.0629224775586609,0,0.1471336949393719,0,0.06829704131564195
0,1,0,0,-1.1604449794583849,1,1,0,0,0,0,0,0,0,1,0.3341920587920773,-0.8685043782046108,0,0,0,1,1,0,0,1,0,1,1,0.7361857531730197,1,0.8594988097499767,1,0.8990341245395325
0,0,1,0,-0.5082679807369407,1,0,1,1,0,1,1,0,0,1,1.0542539591286455,-0.1714873581802945,1,1,3,1,1,0,0,1,0,0,0,0.3785480075589196,1,0.6140006090211074,1,0.666020115406248
0,0,1,1,-1.2827281667186554,1,0,0,0,0,0,0,0,0,0,-1.510031145534145,-1.0018724680541904,0,0,0,0,0,1,0,1,0,0,0,0.39622820667496594,0,0.40721465507196564,0,0.42105304587913694
1,0,0,0,-0.5082679807369407,1,0,0,0,0,0,1,0,0,0,0.4639029784831909,-0.286348033642875,1,1,0,1,1,0,0,1,0,0,0,0.35128584721576106,1,0.7140635219695267,1,0.7473218473943612
0,0,1,1,1.570546202687662,1,1,1,1,1,0,1,0,2,1,1.135739024062807,2.1049907881109085,3,1,3,1,1,0,1,0,0,0,0,0.02531081151887866,0,0.053296983003676794,0,0.1092413485409729
0,0,0,0,-1.1604449794583849,1,0,0,0,0,0,0,0,0,0,-1.4800978563746574,-0.9762620889084144,0,0,0,0,0,1,0,0,1,1,0,0.09064033436910106,0,0.244674700504372,0,0.34847868519312036
0,0,1,1,1.6113072651077522,1,1,1,0,1,1,1,1,2,1,1.5165569805918464,2.5449334252197438,3,2,3,1,1,0,0,0,0,0,0,0.014301637911678189,0,0.0823600562181097,0,0.1467395652414048
1,0,0,0,-1.2827281667186554,1,0,0,0,0,0,1,0,0,1,-0.377555039000189,-0.9868503593562804,0,1,0,1,0,0,0,0,1,1,1,0.5727886551191202,1,0.7876185995928944,1,0.6838360663061541
1,0,1,1,1.2852187657470302,1,0,1,0,1,0,1,1,1,1,0.2726625199642409,1.0580755475781514,3,2,2,1,0,0,1,0,0,0,0,0.06408702740277682,0,0.2027591145098682,0,0.08796868148641442
1,0,0,0,0.755324954285857,1,1,0,0,0,0,0,0,1,1,-1.3387462131215204,-0.4517456415972493,3,0,0,0,0,1,0,0,0,0,0,0.030332854319825575,0,0.08219725822292073,0,0.0523064686441855
1,1,1,0,-0.1414184189561284,1,0,1,0,1,0,0,1,1,0,0.8397320534856492,0.1616240418889248,2,1,2,1,1,0,0,0,0,0,0,0.11241867720835523,0,0.17247144299606204,0,0.4053056263960357
1,0,0,0,-0.0191352316958577,1,1,0,0,0,0,0,1,0,1,0.6917285681970708,0.1649769941974159,2,1,0,1,1,0,0,0,0,0,0,0.4322854355226702,1,0.6888940805850821,1,0.718813482795535
1,0,0,0,-1.1196839170382944,1,0,0,0,0,0,0,0,0,0,-1.4900756194278202,-0.9682988271757482,0,0,0,0,0,1,1,0,0,0,0,0.10137810881451449,0,0.1309821772941182,0,0.3392754227586849
0,0,0,0,-1.1196839170382944,1,0,1,0,0,1,0,0,0,0,-0.3659143154381659,-0.895835351298165,0,0,2,1,0,0,1,0,0,1,0,0.14260112181711995,0,0.3883616076336785,0,0.37194927984820114
1,1,1,0,1.570546202687662,1,0,1,1,0,1,1,0,1,1,0.2044811391009632,1.2007745507599132,3,1,3,1,0,0,0,0,0,0,0,0.025547861463819675,0,0.0761622717692012,0,0.06609382941721949
0,0,1,0,0.9591302663863084,1,1,0,0,1,1,1,1,2,0,1.2754277068070834,1.52382709390366,3,2,2,1,1,0,0,0,0,0,0,0.09085536886383735,0,0.23846332581716737,0,0.1921924106140753
1,0,0,0,-0.9974007297780236,1,0,0,0,0,0,0,0,0,1,-1.4767719353569364,-0.9388501999926208,0,0,0,0,0,1,1,0,0,0,0,0.0842069928950957,0,0.0804565798130281,0,0.38628167734653773
0,0,0,0,1.4482630154273912,1,0,0,0,0,0,0,0,2,0,-1.505042264007564,-0.3744292084310607,3,0,0,0,0,1,1,0,0,0,0,0.014324360458812045,0,0.006867942170393504,0,0.006970876852854705
0,0,0,0,-0.5897901055771212,1,0,0,0,0,0,0,0,1,0,-1.4884126589189597,-0.8308719003211534,1,0,0,0,0,1,0,0,1,0,0,0.02211638224085331,0,0.005199534819719111,0,0.11675067087797061
1,0,1,1,1.1629355784867594,1,1,1,1,0,0,1,1,1,1,1.3685534953032676,1.8782473882492097,3,2,2,1,1,0,0,1,0,1,0,0.2816886078374144,0,0.3983605940108423,0,0.40966057598986383
1,0,1,1,0.266192205244774,1,0,1,0,1,1,1,1,1,0,0.5038140306958415,0.3937939303551546,2,2,3,1,0,0,1,0,0,1,0,0.10137543211266464,0,0.18655074261496243,0,0.11111501594766388
0,0,0,0,-1.201206041878475,1,0,0,0,0,0,0,0,0,1,0.176210810450336,-0.9247766238556656,0,0,0,1,1,0,0,1,0,0,1,0.798560083501801,1,0.8208155325961747,1,0.8475407508120643
1,0,0,0,-0.9566396673579334,1,1,0,0,0,0,1,1,0,1,1.0193317884425763,-0.6446727527160756,0,2,0,1,1,0,0,1,0,1,1,0.7781234698522232,1,0.9234571884709654,1,0.9078888518314276
1,0,1,1,1.5297851402675715,1,1,1,1,1,1,1,1,2,1,0.84139501399451,1.7411954626396435,3,2,4,1,0,0,1,0,0,0,0,0.025860519778071082,0,0.02694980287441191,0,0.0428769538704576
1,0,1,1,0.755324954285857,1,1,0,1,0,1,0,0,1,0,0.6435027134401181,0.8865014485291887,3,0,2,1,1,0,0,0,0,0,0,0.06913758044589655,0,0.15587937610716018,0,0.18409362362756487
0,0,0,0,0.9591302663863084,0,0,1,1,1,1,0,0,2,0,-0.6585953649976026,0.119006253336264,3,0,4,1,0,0,0,0,0,0,0,0.024416901697540155,0,0.05056894621418464,0,0.02929073865641782
0,0,0,0,-1.2827281667186554,1,0,0,1,0,0,0,0,0,1,-0.5405251688685117,-0.9890121312393864,0,0,1,1,0,0,0,1,0,0,1,0.7504107759683096,1,0.8263382725315727,1,0.6946236252495226
1,0,0,0,-1.078922854618204,1,0,0,0,0,1,0,0,0,0,-0.4922993141115591,-0.8832397212445577,0,0,1,1,0,0,0,0,1,0,0,0.14769992679930005,0,0.4383106453712003,0,0.4591203882848432
0,0,1,1,-0.3044626686364894,1,0,0,0,0,0,0,0,2,1,-1.5349755531670517,-0.8411954640078229,2,0,0,0,0,1,0,0,1,0,0,0.014599772475177382,0,0.02874711214361875,0,0.04377352965290546
0,0,1,1,1.6113072651077522,1,0,0,0,0,0,0,0,2,1,-1.4884126589189597,-0.4253411421678834,3,0,0,0,0,1,1,0,0,0,0,0.011210701986970342,0,0.0,0,0.006506777918272077
1,0,1,1,-0.4675069183168504,1,0,0,0,0,0,0,0,1,0,-1.4983904219721222,-0.855996983738069,1,0,0,0,0,1,0,0,1,0,0,0.022903990550351774,0,0.01216743634390693,0,0.08839583134763085
1,0,1,1,1.4482630154273912,1,1,1,1,1,1,1,1,2,1,1.6579086238449834,2.452727236736243,3,2,4,1,1,0,0,0,0,0,0,0.04672442282954365,0,0.16538598555249273,0,0.14848599553826652
1,0,1,0,0.592280704605496,1,1,0,1,1,0,1,1,0,1,1.305360995966571,1.255061495701993,2,2,2,1,1,0,0,1,0,0,1,0.5502559595018174,1,0.7884531414067678,1,0.7764220881964161
0,0,0,1,-1.2827281667186554,1,0,0,0,1,0,0,1,0,0,-0.1879775409900993,-0.9843356451249122,0,1,1,1,0,0,0,1,0,1,1,0.8243792681831975,1,0.706953427417455,1,0.6546841301721373
0,0,1,1,1.3259798281671205,1,1,1,0,1,1,1,1,2,0,1.4783088888880562,2.226711780467835,3,2,3,1,1,0,0,1,0,0,0,0.1499101193905972,0,0.35263642426872627,0,0.1653517738377602
1,0,0,0,0.4699975173452252,1,0,1,0,0,1,1,0,1,0,0.0182295621085946,0.2136168615673006,2,1,2,1,0,0,0,1,0,0,0,0.06947841831381203,0,0.13116417094621757,0,0.12084250636619512
0,0,0,0,-0.3452237310565796,1,0,0,0,1,0,0,0,0,1,-0.5172437217444656,-0.4663706901533643,1,0,1,1,0,0,1,0,0,0,0,0.11955468272127127,0,0.32131416781972766,0,0.41636562706826435
1,0,0,1,-1.2827281667186554,1,1,0,0,0,0,0,0,0,1,-0.4922993141115591,-0.988372423233161,0,0,0,1,0,0,0,1,0,0,1,0.5010110429142491,1,0.797970021723096,1,0.7379414033074906
0,0,0,0,0.8776081415461278,0,0,1,0,0,1,0,1,1,0,-0.6901916146659508,0.0350059744498598,3,1,2,1,0,0,0,0,0,0,0,0.06616875706309265,0,0.06037053011850234,0,0.0875437390220562
1,0,1,0,-0.0598962941159479,1,1,1,1,0,1,0,0,0,1,0.8546986980653932,0.2820876771301677,2,0,3,1,1,0,1,0,0,0,0,0.26219370897606287,0,0.30644338360135853,0,0.49803208415025446
0,1,1,0,-1.2827281667186554,1,1,0,0,1,0,1,1,0,1,1.1956056023817825,-0.9659826430152776,0,2,1,1,1,0,0,1,0,1,1,0.9592387116887442,1,0.9383322295073871,1,0.9325763686728328
0,0,1,1,-1.2419671042985652,1,0,0,0,0,0,0,0,1,0,-1.481760816883518,-0.9963798027593598,0,0,0,0,0,1,0,0,1,0,0,0.26100365039120044,0,0.13290973086535599,0,0.18691217434507007
1,0,0,0,-1.2827281667186554,1,0,0,0,0,0,0,0,0,0,-1.5033793034987035,-1.001784232467125,0,0,0,0,0,1,0,0,0,0,0,0.2956647266978802,1,0.5027286843272827,0,0.3897356581363441
1,0,1,1,0.8368470791260375,1,1,1,1,0,0,0,1,2,0,0.1612441658705919,0.615750549618547,3,1,2,1,0,0,0,0,0,0,0,0.023896982969833953,0,0.06932016268033131,0,0.042555541435418356
1,1,1,0,1.4890240778474817,1,1,0,1,1,1,1,1,2,1,1.4483755997285688,2.2181749874192427,3,2,3,1,1,0,0,0,0,1,0,0.24102081063917755,0,0.30729338022321645,0,0.23960065252110962
0,1,0,1,-1.2827281667186554,1,0,0,0,0,0,0,0,0,1,0.2044811391009632,-0.9791297454880448,0,0,0,1,1,0,0,1,0,1,1,0.8309690936336452,1,0.9265518535546786,1,0.8627687651116797
0,0,1,0,-0.3859847934766699,1,1,0,0,1,0,0,1,0,0,0.84139501399451,-0.1082665600478276,1,1,1,1,1,0,0,0,1,0,0,0.27941256038657414,1,0.5409734648430787,1,0.7079699579254319
0,1,0,0,-0.712073292837392,1,0,0,0,0,0,1,1,0,1,0.8862949477337415,-0.3926719160568633,1,2,0,1,1,0,0,1,0,0,1,0.6739850045383686,1,0.8279608095311838,1,0.8819380496822415
0,0,1,1,1.407501953007301,1,1,1,0,0,1,1,1,2,0,1.391834942427314,2.081983358783566,3,2,2,1,1,0,1,0,0,0,0,0.1390564564412732,0,0.2915034138377258,0,0.10558280372851199
0,0,1,0,0.755324954285857,1,0,0,0,0,0,0,0,0,0,0.1429516002731273,0.5996696138758504,3,0,0,1,1,0,0,0,1,0,0,0.1585434814198009,0,0.34633643375361667,0,0.3455646598063457
1,0,0,0,-0.9974007297780236,1,0,0,1,0,1,1,0,0,1,0.0598035748301055,-0.7806217334873224,0,1,2,1,0,0,0,1,0,0,0,0.2992004830225436,0,0.32691820701806756,1,0.6399759681102957
0,0,1,1,1.4890240778474817,1,1,1,0,1,1,0,0,2,1,-0.0233444506129161,0.8663616757814769,3,0,3,1,0,0,1,0,0,0,0,0.02046299455846486,0,0.06350504510944967,0,0.0206345405070417
0,0,0,0,-0.4267458558967602,1,1,0,0,0,1,1,0,0,1,0.8364061324679285,-0.1308328114398422,1,1,1,1,1,0,0,1,0,1,0,0.4969848457189936,1,0.7395045298080518,1,0.7930522167552211
1,0,1,1,-0.5897901055771212,1,0,1,0,1,1,1,1,0,0,0.6119064637717698,-0.2996495483930066,1,2,3,1,0,0,0,1,0,0,0,0.15625843176048929,0,0.36517096981049446,0,0.433119522826223
0,0,0,0,0.5107585797653155,1,1,1,1,0,0,0,1,1,0,1.0609058011640873,0.9495898932810573,2,1,2,1,1,0,0,0,0,0,0,0.09078427567659336,0,0.14946719138856343,0,0.32742107595176906
0,0,1,0,1.2036966409068497,1,1,0,0,0,0,0,0,2,0,-1.3703424627898688,-0.3854145390207217,3,0,0,0,0,1,0,0,0,0,0,0.011516371326288256,0,0.005191135653179503,0,0.011999154726566387
0,0,1,1,0.918369203966218,1,0,0,0,0,0,0,0,2,1,0.1396256792554061,0.6848169553941066,3,0,0,1,1,0,1,0,0,0,0,0.033022932793390136,0,0.23399978811211342,0,0.10771761166322644
0,1,1,0,1.040652391226489,1,1,0,0,0,1,1,1,0,1,1.1823019183108991,1.526231513651196,3,2,1,1,1,0,0,0,0,0,0,0.3932978692197346,1,0.6147600229013718,1,0.6347884372276396
1,0,1,1,0.7145638918657667,1,0,0,0,0,0,0,0,1,1,-1.4800978563746574,-0.5962093565203219,3,0,0,0,0,1,0,0,1,0,0,0.027545488237956262,0,0.02358635478041074,0,0.03215485127495011
1,0,0,0,-0.2637016062163992,1,0,0,0,0,1,0,0,0,0,-0.5222326032710469,-0.464583919515287,2,0,1,1,0,0,0,0,0,0,0,0.08802744235826246,0,0.14019257981850586,0,0.26203120694861565
1,1,0,0,0.0623868931443227,1,0,0,0,0,0,0,0,0,0,0.1429516002731273,-0.0067294582321454,2,0,0,1,1,0,1,0,0,0,0,0.3232962300090232,1,0.5142109341825573,1,0.5366734591999156
1,0,1,0,-0.5897901055771212,1,1,0,0,0,0,1,1,0,1,0.9927244203008097,-0.2657670829598352,1,2,0,1,1,0,0,1,0,1,1,0.7005027777753804,1,0.7420512724985212,1,0.8762237548517474
0,0,1,1,1.4482630154273912,1,1,1,0,1,1,1,1,2,0,1.5597939538222176,2.303366446731032,3,2,3,1,1,0,1,0,0,0,0,0.18510396889615718,0,0.27839136655098684,0,0.1092600658373339
0,0,0,0,-1.038161792198114,1,0,0,0,1,1,0,1,0,0,-0.0682443843521482,-0.8259086485487163,0,1,2,1,0,0,0,0,0,0,0,0.1467377329427412,0,0.3220275457178347,1,0.5057946517471633
0,0,0,1,-0.8751175425177529,1,0,0,0,0,0,0,0,0,0,-1.501716342989843,-0.9150707092784552,0,0,0,0,0,1,1,0,0,0,0,0.08220634313907578,0,0.39562212049701356,0,0.25088233736051124
1,0,1,0,-1.201206041878475,1,0,0,0,0,0,0,0,0,0,-1.4917385799366805,-0.988548894407292,0,0,0,0,0,1,0,0,0,0,0,0.1244573091712125,0,0.2960457806021351,0,0.36978010745551987
0,0,1,1,0.3884753925050447,1,0,0,0,0,0,1,0,0,1,0.4356326498325638,0.4824927542527993,2,1,0,1,1,0,1,0,0,1,0,0.1992360809482573,0,0.4652966037651848,1,0.5310743181509074
1,0,0,0,-1.2827281667186554,1,0,0,0,0,0,0,0,0,0,0.1845256129946381,-0.9793944522492412,0,0,0,1,1,0,0,1,0,1,1,0.7559227183116624,1,0.9140046914601271,1,0.8142255112362109
1,0,0,0,-1.2827281667186554,1,0,0,0,0,0,0,1,0,0,0.4905103466249578,-0.975335615244226,0,1,0,1,1,0,0,1,0,1,1,0.8775774093841949,1,0.948395340479529,1,0.8455429059501935
1,0,1,1,-0.8343564800976626,1,0,0,0,0,0,0,1,1,0,-0.3725661574736078,-0.7032391236308347,0,1,0,1,0,0,1,0,0,1,0,0.09472404474878666,0,0.1283808217118183,0,0.3183944299734457
1,0,0,0,-1.1604449794583849,1,1,0,0,0,0,0,0,0,1,0.372440150495867,-0.8697617353202948,0,0,0,1,1,0,0,1,0,1,1,0.7077875638161831,1,0.8626358013909865,1,0.8774641293384992
1,0,1,0,-0.5490290431570309,1,1,1,1,0,1,0,0,0,1,0.7964950802552779,-0.2726494587509482,1,0,3,1,1,0,1,0,0,0,0,0.2724114288501747,0,0.41939167699703683,1,0.5831866555701305
1,0,0,1,-1.2827281667186554,1,0,1,1,0,1,0,1,0,1,0.1861885735034985,-0.9793723933524752,0,1,3,1,0,0,0,0,0,0,0,0.46779685943678867,1,0.5071918191510314,0,0.48275353569556806
0,0,1,0,1.570546202687662,1,1,1,1,1,1,1,1,2,1,1.6728752684247274,2.5534261004748027,3,2,4,1,1,0,1,0,0,0,0,0.016528954390684365,0,0.06178893210047003,0,0.15109151390095504
1,0,0,0,0.0216258307242325,0,0,0,1,0,0,1,0,1,1,-0.8564876655519943,-0.4329514615522871,2,1,1,1,0,0,0,1,0,0,0,0.09473903816861899,0,0.25518224634113396,0,0.39789298681102386
1,0,1,1,-1.2827281667186554,1,0,0,0,0,0,0,0,0,0,-1.501716342989843,-1.0017621735703583,0,0,0,0,0,1,0,0,1,0,0,0.40375319145289523,1,0.7373245548470717,0,0.33629039928782695
0,1,1,0,-1.1196839170382944,1,0,0,0,0,0,0,0,0,0,0.1728848894326148,-0.8769529356661372,0,0,0,1,1,0,0,1,0,0,1,0.574802632122859,1,0.7544268148628452,1,0.8285992877776482
0,0,0,0,-1.2419671042985652,1,0,0,0,0,0,1,0,0,1,0.4921733071338186,-0.9430855081717674,0,1,0,1,1,0,0,0,1,1,1,0.6399622750528327,1,0.807607010346262,1,0.825149152163898
1,0,0,0,0.6330417670255862,1,1,0,1,1,0,1,1,2,1,1.4383978366754058,1.2251937494803042,2,2,2,1,1,0,0,0,0,0,0,0.3292156943808923,0,0.4807812664287674,0,0.3560180509383979
1,0,0,1,-1.2827281667186554,0,0,0,0,0,0,0,0,0,0,-1.3337573315949391,-0.9995342249969532,0,0,0,1,0,0,0,1,0,1,0,0.3681563372257806,1,0.6220822937002041,1,0.7522606173818445
1,1,1,0,1.1221745160666692,1,0,0,1,1,0,1,1,1,1,1.1008168533767375,1.5779375676716088,3,2,2,1,1,0,0,1,0,0,0,0.16387792339994006,0,0.41432275001142804,0,0.4961794742670044
1,1,1,1,-0.5082679807369407,1,0,1,0,1,1,0,1,1,0,0.979420736229926,-0.2082595390898627,1,1,3,1,1,0,1,0,0,0,0,0.23074925902680654,0,0.3051594923932197,0,0.3567798663550457
1,0,1,1,-1.2827281667186554,1,0,0,0,0,0,0,1,0,0,0.5038140306958415,-0.9751591440700949,0,1,0,1,1,0,0,1,0,1,1,0.8769505395424404,1,0.9048487030813775,1,0.8199399517600943
0,0,1,1,-0.4267458558967602,1,0,0,1,0,0,1,1,1,1,0.1545923238351501,-0.3494805961882763,1,2,1,1,0,0,0,0,0,1,0,0.12806399337661067,0,0.3712978405639531,0,0.32990675050953033
1,0,1,0,1.2036966409068497,0,0,0,0,0,1,1,0,2,1,-0.8598135865697152,0.0207779860355398,3,1,1,1,0,0,0,0,0,0,0,0.02887144659256066,0,0.10086362363927068,0,0.05800067002655347
0,0,1,1,1.3667408905872107,1,1,1,1,1,0,0,0,0,1,0.0864109429718724,0.978663519219156,3,0,3,1,0,0,0,0,0,0,0,0.0902687439471116,0,0.17538995060024373,0,0.1231192771236254
1,1,1,0,0.8776081415461278,0,0,0,0,0,0,0,0,0,1,-1.3271054895594974,-0.4083557916577649,3,0,0,1,0,0,0,0,0,0,0,0.20567289891307544,0,0.3409223898737551,0,0.29404322814949035
1,0,0,1,-1.1196839170382944,1,0,0,0,0,0,0,0,2,0,-1.4767719353569364,-0.9632914576097784,0,0,0,0,0,1,0,0,1,0,0,0.01989376142711224,0,0.02884446687123224,0,0.09235618664020973
0,0,1,0,1.2036966409068497,1,1,0,0,1,0,1,1,0,1,1.213898167979247,1.7092762390186806,3,2,1,1,1,0,0,1,0,0,0,0.48082831607620635,1,0.7008295423366451,1,0.6947269772601908
1,1,0,0,0.755324954285857,1,1,0,0,0,0,0,0,1,0,-1.325442529050637,-0.4542603558286175,3,0,0,0,0,1,0,0,0,0,0,0.043962407498156025,0,0.1185222427874051,0,0.048851092115174966
0,0,0,0,1.1221745160666692,1,1,0,0,1,0,0,0,1,1,0.4772066625540746,1.0917594829404256,3,0,1,1,1,0,0,0,0,0,0,0.062452628966650194,0,0.11991257613408698,0,0.28563981398186256
1,0,0,0,-1.078922854618204,1,0,0,0,0,0,0,0,0,0,-1.4701200933214948,-0.9622326305649916,0,0,0,0,0,1,0,0,1,0,0,0.08166736731661643,0,0.19686930208672124,0,0.33569441605680034
0,0,0,0,1.2036966409068497,0,0,0,1,1,0,0,1,2,1,-0.7068212197545551,0.202212411939078,3,1,2,1,0,0,1,0,0,0,0,0.03113048215939362,0,0.11526683738972787,0,0.06820232759557264
0,1,0,0,0.7145638918657667,1,1,1,1,0,0,0,0,0,1,0.6168953452983513,0.8044202936614602,3,0,2,1,1,0,0,1,0,0,0,0.34394072954270444,1,0.5171553085568239,1,0.5571671028405445
0,0,1,1,1.4890240778474817,0,0,1,1,1,1,0,0,2,0,-0.6186843127849521,0.3666394284357315,3,0,4,1,0,0,0,0,0,0,0,0.024084032891853915,0,0.04984252493474291,0,0.016271543047058083
1,0,0,0,0.103147955564413,1,0,1,0,0,1,0,1,1,1,0.8097987643261616,0.4239484422348066,2,1,2,1,1,0,0,1,0,0,0,0.16261913689507165,0,0.26855820167026556,0,0.41988166862180304
1,0,1,0,-0.5082679807369407,1,0,0,0,0,0,1,1,0,1,0.8031469222907198,-0.207311006528908,1,2,0,1,1,0,0,0,1,1,0,0.4110687375182719,1,0.6545628976857291,1,0.7818533564812745
0,0,0,0,-1.2827281667186554,1,0,0,0,0,0,0,1,0,1,0.5403991618907709,-0.9746738483412344,0,1,0,1,1,0,0,1,0,1,1,0.7385403604997023,1,0.9060880073487998,1,0.8809019284358445
0,1,1,0,-0.712073292837392,1,0,0,1,0,0,1,1,0,1,0.9910614597919492,-0.4435176731033868,1,2,1,1,1,0,0,1,0,0,1,0.6983406993051101,1,0.7729843754359464,1,0.8634035234207497
0,0,1,1,1.6113072651077522,1,1,1,1,1,1,1,1,2,1,1.7543603333588884,2.655249967948448,3,2,4,1,1,0,0,0,0,0,0,0.013129242989029222,0,0.07757007969017643,0,0.14020209710653628
1,0,1,1,-1.2419671042985652,1,0,1,0,0,0,1,1,0,0,1.07254652472611,-0.9292104621057096,0,2,1,1,1,0,0,1,0,0,0,0.4729813514334515,1,0.7052960032244158,1,0.7933772187675525
1,0,1,1,0.7960860167059473,1,0,0,0,0,0,0,0,1,1,-1.463468251286053,-0.5376871033990955,3,0,0,0,0,1,1,0,0,0,0,0.02943232285422103,0,0.02641524023282094,0,0.029980929358012397
0,0,1,1,-1.2827281667186554,1,0,0,0,0,0,0,0,0,0,-1.4734460143392158,-1.0013871723253298,0,0,0,0,0,1,0,0,1,1,0,0.45658365268504547,1,0.6346399479366126,0,0.33268991464090014
1,0,0,0,-0.7935954176775724,1,0,0,0,0,0,1,1,0,1,0.8729912636628578,-0.5094075977445865,1,2,0,1,1,0,0,1,0,1,1,0.6324031906136054,1,0.8375746423558654,1,0.8591536694244315
1,1,0,0,1.6113072651077522,1,1,1,1,1,1,1,1,2,0,1.6279753346854955,2.450940466098165,3,2,4,1,1,0,0,0,0,0,0,0.025269495411128846,0,0.09014445907649771,0,0.14073230406498682
0,0,0,0,-1.2827281667186554,1,0,0,0,0,0,0,0,0,0,-1.481760816883518,-1.0014974668091616,0,0,0,0,0,1,1,0,0,0,0,0.2298033888527064,0,0.21459774610221896,0,0.3699905361127077
0,0,0,0,1.3667408905872107,1,1,0,0,1,0,1,0,1,1,0.9079134343489274,1.6617172575903487,3,1,1,1,1,0,0,0,0,0,0,0.10661386467130152,0,0.1754431110504385,0,0.34126509362992846
1,0,1,0,0.7960860167059473,1,0,1,0,0,0,1,0,0,0,0.640176792422397,0.9080750495667156,3,1,1,1,1,0,0,1,0,1,0,0.26097795370711374,1,0.5279149166300002,0,0.43285341824633417
1,0,0,0,0.755324954285857,1,0,0,1,1,0,1,1,0,1,1.135739024062807,1.212267235975201,3,2,2,1,1,0,0,1,0,0,0,0.4397961925420194,1,0.5957538189976873,1,0.6617713796124723
1,0,0,0,-0.5897901055771212,1,0,0,0,0,0,0,0,2,0,-1.4900756194278202,-0.8390116332279505,1,0,0,0,0,1,1,0,0,0,0,0.013858911335719,0,0.016286781820197528,0,0.059393444856172165
0,1,1,0,-0.0191352316958577,1,1,0,0,1,0,0,0,0,0,0.4805325835717953,0.1233739148960087,2,0,1,1,1,0,0,0,1,0,0,0.3040924475170993,1,0.5390694810020463,1,0.622218728760629
1,1,1,0,-1.078922854618204,1,0,0,0,1,0,1,1,0,1,1.0276465909868786,-0.7573275385020171,0,2,1,1,1,0,0,1,0,1,1,0.7492110335336964,1,0.8421058426775099,1,0.9093755644148556
1,0,1,1,0.755324954285857,1,0,0,0,0,0,0,0,1,0,-1.5116941060430058,-0.5702680939230501,3,0,0,0,0,1,0,0,1,0,0,0.02509162904610295,0,0.05503315675817247,0,0.022949842838994292
1,0,0,0,1.040652391226489,1,0,0,0,0,0,0,0,2,0,-1.481760816883518,-0.5112605450729631,3,0,0,0,0,1,1,0,0,0,0,0.01533519654752052,0,0.027569006138952523,0,0.01011983479651717
1,0,1,1,-0.9158786049378432,1,0,0,0,0,0,0,0,1,0,-1.4767719353569364,-0.9035118473728678,0,0,0,0,0,1,0,0,1,0,0,0.030432540193664002,0,0.053586038458202465,0,0.14915047587663202
1,0,1,1,-0.5490290431570309,1,0,0,0,0,0,0,0,1,0,-1.4983904219721222,-0.8584675801759044,1,0,0,0,0,1,0,0,1,0,0,0.021992862042760807,0,0.01216743634390693,0,0.09543860254309493
1,1,0,0,-0.7528343552574821,1,1,0,0,0,0,1,1,0,1,1.022657709460297,-0.4487015138434879,1,2,0,1,1,0,0,1,0,0,1,0.7813563392688868,1,0.9213495947202381,1,0.9072732275308626
0,0,0,1,-0.9974007297780236,0,0,1,0,0,0,0,1,0,1,-0.8764431916583195,-0.8645117178898946,0,1,1,1,0,0,0,1,0,0,0,0.35858002434943775,1,0.6387554452986632,1,0.7403733291410042
1,0,1,0,1.3259798281671205,1,1,1,1,1,0,1,0,2,1,1.1473797476248295,1.7899456244933605,3,1,3,1,1,0,0,1,0,0,0,0.0741658580264094,0,0.2867147315469287,0,0.19579120867892766
0,0,0,0,-0.8343564800976626,1,0,0,0,1,0,1,1,0,1,1.0359613935311809,-0.5418782937847092,0,2,1,1,1,0,0,1,0,1,1,0.8290584434284494,1,0.8721824289088856,1,0.8715824068563995
0,0,1,1,-1.078922854618204,1,0,0,0,0,0,0,0,0,0,-1.501716342989843,-0.9603796832366152,0,0,0,0,0,1,0,0,1,0,0,0.08891147372844554,0,0.23527017567217645,0,0.29083581959828364
1,0,1,1,1.2852187657470302,0,0,1,0,1,1,1,1,2,1,-0.1597072123394721,0.6860743125097906,3,2,3,1,0,0,0,0,0,0,0,0.033307396654956085,0,0.060790504366003445,0,0.054867922901484054
1,1,1,0,1.6113072651077522,1,1,1,1,1,1,1,1,0,1,1.5980420455260078,2.5461025467483616,3,2,4,1,1,0,1,0,0,0,0,0.44160920319286867,0,0.35320549947751945,0,0.4863672899753991
1,1,1,0,-0.0598962941159479,1,1,1,0,0,0,1,0,0,0,0.8181135668704638,0.2282198512266492,2,1,1,1,1,0,0,1,0,0,0,0.4655370086747385,1,0.6232723543670231,1,0.7074053174139651
0,0,0,0,1.081413453646579,1,1,1,1,1,1,0,1,1,0,0.49882514916926,1.1010683373758412,3,1,4,1,0,0,1,0,0,0,0,0.06258450752372498,0,0.200137639824543,0,0.06957602755205812
0,0,1,1,1.040652391226489,1,0,1,1,0,0,1,1,1,0,1.144053826607109,1.5689595966876888,3,2,2,1,1,0,1,0,0,0,0,0.1483490350207298,0,0.25475987278709517,0,0.19861063339763313
1,0,1,1,0.4699975173452252,1,0,0,0,0,0,0,0,1,0,-1.4917385799366805,-0.6306653532694194,2,0,0,0,0,1,0,0,0,0,0,0.026228308049748676,0,0.005886532048634183,0,0.03583728863831492
0,0,1,0,0.8368470791260375,1,0,1,1,1,1,1,1,1,0,1.518219941100707,1.5640404627087845,3,2,4,1,1,0,0,1,0,0,0,0.24207130517245704,1,0.5099775836679745,0,0.2848151430163891
1,0,1,1,0.9591302663863084,1,1,1,1,1,1,1,1,2,0,1.6961567155487731,1.8871591825428304,3,2,4,1,1,0,0,0,1,0,0,0.1562301773286232,0,0.24147055048113888,0,0.13004510851569487
0,0,0,0,1.6113072651077522,1,1,0,0,0,0,0,0,2,0,-1.310475884470893,-0.1870168215038314,3,0,0,0,0,1,1,0,0,0,0,0.011897332785149355,0,0.00482437055596689,0,0.008315745741211479
1,0,0,0,1.040652391226489,1,0,0,0,0,0,0,0,2,0,-1.4651312117949136,-0.4756354267952472,3,0,0,0,0,1,0,0,1,0,0,0.014338743054859434,0,0.06205092525894024,0,0.010558157530217356
0,0,0,0,1.24445770332694,1,1,0,1,1,1,1,1,0,1,1.496601454485521,2.0790936433071687,3,2,3,1,1,0,1,0,0,0,0,0.14360029278636874,0,0.3662028737626073,1,0.5440130512307239
0,0,1,0,1.570546202687662,0,0,0,0,1,1,0,1,2,1,-0.5920769446431853,0.4293749308393378,3,1,2,1,0,0,0,1,0,0,0,0.08925055136781423,0,0.29249201501632655,0,0.06762396102775757
1,0,1,1,0.1439090179845032,1,0,1,1,0,0,0,0,1,0,-0.3725661574736078,-0.1548549500184383,2,0,2,1,0,0,0,0,1,0,0,0.04232826835105158,0,0.14184499290614852,0,0.07943025191935447
1,0,0,1,-0.6305511679972114,1,0,0,1,1,1,1,1,1,0,0.5320843593464687,-0.3725321433091513,1,2,3,1,0,0,0,1,0,0,0,0.13499431746092214,0,0.17774193104256036,0,0.3153155430122902
1,0,1,1,1.407501953007301,1,0,1,1,0,1,0,0,1,0,-0.1597072123394721,0.7516333536994948,3,0,3,1,0,0,0,0,1,0,0,0.07369217725200705,0,0.07525520624513446,0,0.024178153896050665
0,0,0,1,-1.1604449794583849,1,0,0,0,1,1,1,1,0,1,1.1058057349033188,-0.8356145631259269,0,2,2,1,1,0,0,0,0,1,1,0.7505473658427281,1,0.8724403746567222,1,0.7834285032517967
0,0,1,1,1.6113072651077522,1,1,1,0,1,1,1,1,2,0,1.4167793500602204,2.3322194837014667,3,2,3,1,1,0,0,0,1,0,0,0.04724159665205233,0,0.13520519833114827,0,0.09527194258650935
1,0,0,0,1.6113072651077522,1,0,0,0,0,0,0,0,2,0,-1.5150200270607266,-0.3862748359946109,3,0,0,0,0,1,0,0,0,0,0,0.010365901031932091,0,0.05399581420814435,0,0.006357798308060082
0,1,1,0,-0.0191352316958577,1,1,0,0,0,0,1,1,0,1,0.9428356050349964,0.2826391495493274,2,2,0,1,1,0,0,1,0,1,1,0.5775063600518073,1,0.791167139559234,1,0.8497354015803765
0,0,0,0,-0.9566396673579334,1,0,0,0,0,0,1,1,0,1,0.7831913961843948,-0.6625404590968496,0,2,0,1,1,0,0,0,1,0,1,0.7215464897580596,1,0.8289219459548977,1,0.8355035359577955
1,0,1,0,1.570546202687662,1,1,1,1,1,1,0,1,2,1,0.5071399517135622,1.4537018610833137,3,1,4,1,0,0,0,0,1,0,0,0.013614339930215344,0,0.030967092979482906,0,0.035675805259725676
1,0,1,1,0.7960860167059473,1,1,0,1,0,1,0,1,0,1,0.9444985655438568,1.032950464161236,3,1,2,1,1,0,0,0,0,0,0,0.21779468336534125,0,0.39668899188384027,0,0.45416601303244386
1,0,1,0,1.3667408905872107,1,1,1,1,1,1,1,1,1,0,1.6944937550399128,2.4934479601669945,3,2,4,1,1,0,0,0,0,0,0,0.40929940628645056,0,0.485585352421827,0,0.26179539435634747
0,0,0,0,-1.2419671042985652,1,1,0,0,0,0,0,0,0,1,-0.5139178007267448,-0.963445869887143,0,0,0,1,0,0,0,1,0,1,1,0.6471625801433626,1,0.7565911346484222,1,0.7616412098207278
0,1,1,0,-0.8343564800976626,1,0,1,0,1,1,1,1,1,1,0.4772066625540746,-0.594047584637216,0,2,3,1,0,0,0,1,0,0,0,0.13274471806353952,0,0.26812402741001795,0,0.48334467446522017
1,1,1,0,1.6113072651077522,1,1,0,0,0,0,0,0,2,1,-1.325442529050637,-0.2152080915712748,3,0,0,0,0,1,0,0,0,0,0,0.013129899831102758,0,0.00039473684210526315,0,0.015313133072822106
0,0,0,0,-1.1196839170382944,1,0,0,0,0,0,0,0,0,0,-1.4967274614632615,-0.9627841029841514,0,0,0,0,0,1,1,0,0,1,0,0.09488890085264426,0,0.1784652876587679,0,0.33531416454329815
0,0,0,0,-1.1196839170382944,1,0,0,0,0,0,1,0,0,1,0.5370732408730502,-0.8385704552926228,0,1,0,1,1,0,1,0,0,1,1,0.5984119545921421,1,0.8071997531034885,1,0.8123802489673092
0,1,0,0,0.1846700804045935,1,1,0,0,0,0,0,0,0,1,0.3790919925313089,0.24317578323426,2,0,0,1,1,0,0,1,0,1,1,0.5836078443884557,1,0.7445129335987462,1,0.7512426050792237
0,0,0,0,1.1221745160666692,1,1,0,0,1,1,1,1,1,0,0.5221065962933062,1.1279581325340675,3,2,2,1,0,0,1,0,0,0,0,0.06656507011111962,0,0.09729708874699282,0,0.12379492324117113
1,0,1,0,0.0623868931443227,1,1,0,0,1,0,1,1,0,1,1.170661194748876,0.5248458360442635,2,2,1,1,1,0,0,1,0,1,1,0.5723747579173836,1,0.7855962181085866,1,0.8212806334693525
1,0,1,0,0.9591302663863084,1,1,0,0,0,0,0,0,2,1,-1.3204536475240558,-0.4249440820260883,3,0,0,0,0,1,1,0,0,1,0,0.016551889430308525,0,0.013658376657387929,0,0.019806658086650702
1,0,1,1,-1.2419671042985652,1,0,0,0,0,0,0,0,1,0,-1.4967274614632615,-0.9946150910180488,0,0,0,0,0,1,0,0,1,1,0,0.044197581530049955,0,0.1297424759241372,0,0.18982238287920233
0,0,1,1,-0.9974007297780236,1,0,0,0,0,0,0,0,0,1,-0.645291680926719,-0.828798364025113,0,0,0,1,0,0,0,1,0,0,0,0.30571373165916527,1,0.6073777694845698,1,0.6354398347809577
0,0,0,0,-1.2827281667186554,1,0,0,0,0,0,0,0,0,0,-1.460142330268332,-1.0012107011511988,0,0,0,0,0,1,0,0,1,1,0,0.3012507941035739,1,0.5636208211988579,0,0.37557420376142925
0,1,1,0,1.6113072651077522,1,1,1,1,1,1,1,1,2,1,1.6628975053715644,2.659242628263164,3,2,4,1,1,0,0,0,0,0,0,0.015340861232640904,0,0.027244328703246983,0,0.19737060178819715
0,0,1,0,0.6330417670255862,0,0,1,0,1,0,0,1,0,1,-0.6502805624533005,-0.064126707618286,2,1,2,1,0,0,0,0,0,1,0,0.20190229487186914,0,0.2841671339081645,0,0.3290849613716274
0,0,0,1,-0.712073292837392,1,0,1,1,1,1,0,0,1,0,0.024881404144036,-0.5648636642152851,1,0,4,1,0,0,1,0,0,0,0,0.06368514212638832,0,0.12624913679589134,0,0.12109801798191093
1,0,1,1,-0.5897901055771212,1,0,0,0,1,0,1,1,0,0,1.0076910648805537,-0.225178712909682,1,2,1,1,1,0,0,0,1,1,0,0.26264337375896085,1,0.5830111658001624,1,0.6949000150258372
1,0,0,1,0.3477143300849545,1,0,1,1,1,1,1,1,2,1,1.5398384277158927,0.9780017523161644,2,2,4,1,1,0,0,1,0,0,0,0.19469617448551502,0,0.2917047224261856,0,0.23985623360532507
1,1,1,1,1.3667408905872107,1,1,0,0,1,0,1,1,0,1,1.1523686291514113,1.9993286725999115,3,2,1,1,1,0,1,0,0,1,0,0.25238698473540533,1,0.590271052574776,1,0.6187166632577629
1,0,0,0,-0.5490290431570309,1,0,0,0,0,0,0,0,2,1,-1.4934015404455407,-0.8456734200513996,1,0,0,0,0,1,0,0,1,0,0,0.013967736079047364,0,0.006967642320085929,0,0.07769286085536513
0,0,1,0,0.9998913288063984,1,1,0,0,1,0,1,1,1,1,1.193942641872922,1.6299965640402836,3,2,1,1,1,0,1,0,0,0,0,0.24869945236988977,0,0.4445273669216644,0,0.4635263230609632
1,0,0,0,-1.2827281667186554,0,0,0,0,0,0,0,0,0,0,-1.3138018054886138,-0.9992695182357566,0,0,0,1,0,0,0,0,1,0,0,0.38808866183974605,1,0.6002544600810765,1,0.7128028357651934
1,0,1,1,1.6113072651077522,1,0,1,1,0,1,1,1,2,0,1.3519238902146633,2.347594534747639,3,2,3,1,1,0,0,0,0,0,0,0.03687082078080227,0,0.07720818800190622,0,0.076743847805645
0,0,0,0,-0.1414184189561284,1,0,0,0,0,0,0,0,1,0,-1.4917385799366805,-0.746055442254393,2,0,0,0,0,1,0,0,1,0,0,0.02262627182490089,0,0.01579246684215915,0,0.0696106675598469
1,0,1,1,0.4699975173452252,1,0,0,0,1,0,1,1,0,1,0.9345208024906942,0.8084791306664755,2,2,1,1,1,0,0,0,0,0,0,0.23785488377964784,0,0.4718729783047996,1,0.6196061364360242
1,0,1,1,-0.3452237310565796,1,1,1,0,0,0,0,0,0,0,-0.3359810262786781,-0.420091124737483,1,0,1,1,0,0,0,1,0,1,0,0.15234402862448015,0,0.2327577423114445,0,0.38859125976254144
0,1,1,0,1.040652391226489,1,1,0,1,0,0,1,1,1,1,1.0958279718501562,1.39784873447082,3,2,1,1,1,0,0,0,0,0,0,0.2696036580329824,1,0.5386291721476569,0,0.47426404292754354
0,0,1,1,-1.2827281667186554,1,0,0,0,0,0,0,0,0,1,-1.4950645009544017,-1.0016739379832929,0,0,0,0,0,1,0,1,0,1,0,0.3824566760111529,1,0.5905001187930354,0,0.49944308317823366
0,1,0,0,1.570546202687662,1,1,0,0,1,0,1,1,2,0,1.3036980354577106,2.260241303552744,3,2,1,1,1,0,0,0,0,0,0,0.04299217915561446,0,0.22625516810065796,0,0.24709929458082475
1,0,1,1,1.040652391226489,1,1,0,0,1,1,1,1,1,1,1.3369572456349192,1.6387539460565397,3,2,2,1,1,0,0,0,0,0,0,0.3040761134692462,0,0.433100474313103,0,0.36328795878492603
0,0,0,0,-0.3859847934766699,1,1,0,0,0,1,1,1,1,1,0.2959439670882871,-0.2354802176995851,1,2,1,1,0,0,0,0,1,0,0,0.11412183028194485,0,0.4001411410729485,0,0.3849356958620068
1,1,1,0,-0.3859847934766699,1,0,0,0,0,0,1,1,0,1,0.8513727770476726,-0.0763693953236311,1,2,0,1,1,0,0,1,0,0,1,0.5274938650211152,1,0.7221914698046313,1,0.8642354682827006
1,1,1,0,-0.7935954176775724,1,1,0,0,0,0,1,1,0,1,1.0110169858982745,-0.4661942189792332,1,2,0,1,1,0,0,1,0,1,1,0.6992125049917062,1,0.8829590055353361,1,0.9092703607224587
0,0,0,0,1.2852187657470302,1,1,0,0,1,0,1,1,1,1,1.170661194748876,1.7487616642305144,3,2,1,1,1,0,1,0,0,1,0,0.17894514984979884,0,0.3910996597307873,0,0.40715739243458804
1,0,0,0,-0.2229405437963089,1,0,1,0,0,0,0,0,0,0,-0.4823215510583964,-0.3877968998714917,2,0,1,1,0,0,0,0,1,0,0,0.08190362375569164,0,0.15482452521633125,0,0.2416136821091281
1,0,0,0,-0.9158786049378432,1,0,0,0,0,0,0,0,1,0,-1.5083681850252848,-0.9108133422025424,0,0,0,0,0,1,0,0,1,0,0,0.0308557335457909,0,0.04058111202290107,0,0.17315774103905254
1,0,0,0,-0.3859847934766699,1,0,0,0,0,0,0,0,1,0,-1.4867496984100992,-0.8315116083273787,1,0,0,0,0,1,0,0,0,0,0,0.02540489089201151,0,0.02746000210237925,0,0.10225129204237943
1,1,1,0,0.0216258307242325,1,0,1,1,0,1,0,1,1,1,0.9544763285970193,0.3375658024976326,2,1,3,1,1,0,0,1,0,0,0,0.1335837801789318,0,0.377293394472095,0,0.4558038868548317
0,0,1,1,-0.4675069183168504,1,0,0,1,1,1,1,1,0,1,1.2621240227361998,-0.0795017586644581,1,2,3,1,1,0,0,1,0,1,0,0.4192364795111172,1,0.6547661923145209,1,0.7381133525726189
1,0,1,0,-1.1604449794583849,1,0,0,0,0,0,0,0,0,0,0.1878515340123588,-0.8806588303228903,0,0,0,1,1,0,0,1,0,0,0,0.4986578524891202,1,0.8102287696343313,1,0.8016166945357563
1,0,0,0,-0.0598962941159479,1,1,0,0,0,1,0,0,1,0,0.5603546879970964,0.1139547659767613,2,0,1,1,1,0,1,0,0,0,0,0.08834597922814137,0,0.17705105206733987,0,0.34019055009280325
0,0,0,0,-1.2827281667186554,1,0,0,1,0,0,0,0,0,0,-0.4956252351292798,-0.988416541026694,0,0,1,1,0,0,0,1,0,0,1,0.5302272535638702,1,0.7496858749936521,1,0.6256449894954613
0,1,1,0,0.6330417670255862,1,0,0,1,0,0,0,1,1,1,-0.1962923435344015,0.2203007072875159,2,1,1,1,0,0,0,0,0,0,0,0.11697598262706452,0,0.20872516147808087,0,0.19434381780835547
0,0,0,0,-0.5897901055771212,1,1,0,0,0,1,0,1,0,1,0.8397320534856492,-0.2989436636964823,1,1,1,1,1,0,0,1,0,1,1,0.5171561434994131,1,0.6604066120209034,1,0.8111742353507757
0,1,0,0,0.6738028294456765,1,1,1,1,1,1,0,1,1,0,1.2687758647716416,1.2687600705939197,3,1,4,1,1,0,0,0,0,0,0,0.17396285558958957,0,0.2870681304695754,0,0.27759692358489196
1,0,0,0,0.7960860167059473,1,0,1,0,1,0,0,0,1,0,-0.3692402364558869,0.2207198263260774,3,0,2,1,0,0,0,1,0,0,0,0.06774172094574825,0,0.16952597505855155,0,0.08153861271426524
1,0,0,1,-0.3859847934766699,0,0,1,0,1,1,0,0,2,0,-0.8232284553747856,-0.6320330048689354,1,0,3,1,0,0,0,0,1,0,0,0.050508332530536965,0,0.07026291753361598,0,0.09159885748480996
0,0,0,0,0.3477143300849545,1,1,0,0,1,0,1,1,0,0,1.1041427743944583,0.7501112898226139,2,2,1,1,1,0,0,0,0,0,0,0.26143879720785473,1,0.5769008459102802,1,0.6633384771993087
0,0,0,0,-0.712073292837392,1,0,0,0,0,0,0,0,0,0,-1.5000533824809827,-0.8792911787233743,1,0,0,0,0,1,0,0,0,1,0,0.07887741271573076,0,0.3372375726590282,0,0.24150724436608206
0,0,0,0,-0.0191352316958577,1,1,0,1,1,0,1,1,1,1,1.3036980354577106,0.4969854494283159,2,2,2,1,1,0,1,0,0,0,0,0.2772294022618398,0,0.366712786205456,1,0.5791251113225505
0,0,1,0,-0.1821794813762187,1,0,0,1,1,0,0,1,0,0,0.8330802114502078,0.0631531267237705,2,1,2,1,1,0,1,0,0,0,0,0.2569209900046284,1,0.5214480875286026,1,0.5584615491560713
1,0,0,0,1.4482630154273912,1,1,1,1,1,0,1,0,1,0,1.213898167979247,2.126652624735501,3,1,3,1,1,0,0,0,0,0,0,0.10949554717111391,0,0.16202872434031992,0,0.22155711605448564
1,0,1,1,1.6113072651077522,1,1,1,1,1,1,0,1,2,0,1.30037211443999,2.306189985517129,3,1,4,1,1,0,1,0,0,0,0,0.03765797743068076,0,0.04102446432159372,0,0.07099628864679387
1,0,0,0,-0.6713122304173017,1,0,0,0,0,0,0,0,0,1,-1.501716342989843,-0.8593940538400926,1,0,0,0,0,1,0,0,1,1,0,0.09489249118184699,0,0.1590178393433783,0,0.2915009186786556
1,0,1,0,-0.7528343552574821,1,0,0,0,0,1,0,0,0,0,-0.53387332683307,-0.7173347586645563,1,0,1,1,0,0,0,0,0,0,0,0.1285940965449457,0,0.31551951903849024,0,0.37141043502807136
1,0,1,1,1.1629355784867594,1,1,0,0,1,0,1,1,1,1,1.1656723132222948,1.743092527761553,3,2,1,1,1,0,0,1,0,0,0,0.25054337247287883,1,0.5613027379181363,0,0.496672455294799
0,0,1,0,0.5515196421854057,1,1,0,1,0,1,1,1,1,1,1.2737647462982231,1.016604821657343,2,2,2,1,1,0,0,1,0,0,0,0.3070926370659261,0,0.454737844852518,1,0.5393772185230857
1,1,1,0,-0.3452237310565796,0,0,0,0,1,1,0,0,0,0,-1.0177948349114565,-0.6450698128578705,1,0,2,1,0,0,0,0,1,0,0,0.24475961038453128,0,0.3367890461319113,0,0.47011338546506803
1,0,1,0,-0.6305511679972114,1,1,0,1,0,0,0,0,0,1,0.5204436357844459,-0.4206425971566427,1,0,1,1,1,0,0,0,0,0,0,0.47923166625793284,1,0.6794872331528454,1,0.7400049800269436
0,0,1,1,0.7960860167059473,1,1,0,0,0,0,0,0,2,1,-1.3237795685417766,-0.4500471065462375,3,0,0,0,0,1,0,0,0,0,0,0.01623978447258757,0,0.008949738491344804,0,0.020316287073197516
1,0,0,0,-1.2827281667186554,1,0,0,0,0,0,0,0,0,1,-1.4950645009544017,-1.0016739379832929,0,0,0,0,0,1,0,0,1,0,0,0.4607068924038215,1,0.7037602632635245,0,0.4554041718975963
1,0,1,0,0.7960860167059473,1,1,0,1,0,1,0,1,0,1,1.0243206699691578,1.2344364272254205,3,1,2,1,1,0,1,0,0,0,0,0.2659017430702574,0,0.4202126266246518,1,0.5123141258162289
0,0,1,1,0.918369203966218,1,1,1,1,0,1,0,1,1,1,0.3624623874427045,0.8708396318250534,3,1,3,1,0,0,0,0,0,0,0,0.06483381496649254,0,0.12835746031361528,0,0.09040355250037993
0,0,0,0,0.103147955564413,1,0,0,0,0,0,0,0,1,0,-1.4551534487417508,-0.6835405288184505,2,0,0,0,0,1,0,0,1,0,0,0.02523210407641127,0,0.03247404480601065,0,0.05674484291479529
0,0,1,0,0.8368470791260375,1,1,0,1,0,0,1,1,0,1,1.1157834979564818,1.2613923990739464,3,2,1,1,1,0,1,0,0,1,0,0.4122925017024319,1,0.6054385595578788,1,0.6136165643633339
1,0,1,1,1.6113072651077522,0,0,1,1,1,1,1,1,2,1,0.0132406805820131,0.9655164167463892,3,2,4,1,0,0,1,0,0,0,0,0.014530081317182615,0,0.008117962119277254,0,0.03827566404264592
0,0,1,1,1.6113072651077522,1,1,1,0,1,1,1,1,2,1,0.6435027134401181,1.6306803898400417,3,2,3,1,0,0,0,0,0,0,0,0.016368615078441947,0,0.021808578645765263,0,0.04367058268891326
0,0,0,0,0.266192205244774,0,0,0,0,1,0,1,1,0,1,-0.4690178669875129,-0.1230680797780737,2,2,1,1,0,0,0,1,0,1,0,0.33969225236650014,0,0.41229542891763765,1,0.6283834813687873
0,0,0,0,1.570546202687662,1,0,1,1,1,1,1,0,2,0,0.4156771237262383,1.438128279966244,3,1,4,1,0,0,1,0,0,0,0,0.014635452338262363,0,0.031874812964128404,0,0.019437848085621923
0,0,0,0,-1.2827281667186554,1,0,0,0,0,0,0,0,0,0,-1.5000533824809827,-1.001740114673592,0,0,0,0,0,1,0,0,1,0,0,0.40099988295065075,1,0.6284076925618376,0,0.3743277432795986
0,0,0,1,-0.8343564800976626,1,1,0,1,1,0,1,1,0,1,1.3452720481792215,-0.4476647456954676,0,2,2,1,1,0,0,1,0,0,1,0.7262632171564108,1,0.88010045190385,1,0.8704211828841961
1,0,1,1,0.0216258307242325,1,0,1,0,1,0,1,1,1,0,0.3292031772654958,0.0718884498432601,2,2,2,1,0,0,1,0,0,0,0,0.09892091483400399,0,0.0979403155436666,0,0.15200186682451408
0,0,1,1,0.266192205244774,1,0,0,0,1,1,0,0,0,1,0.5537028459616545,0.3604188195476103,2,0,2,1,1,0,0,0,0,0,0,0.21474643837284652,0,0.4344552350128587,0,0.4390086122217363
1,0,1,1,0.4699975173452252,1,0,0,1,1,1,0,0,0,1,-0.098177673511636,0.2795729628987996,2,0,3,1,0,0,0,0,1,0,0,0.10681012695378786,0,0.14207054079857923,0,0.18756347215360514
1,0,0,1,1.6113072651077522,1,0,0,0,0,0,0,0,2,0,-1.4950645009544017,-0.3356055501222185,3,0,0,0,0,1,1,0,0,0,0,0.010409375055605942,0,0.020239578628626624,0,0.005137677986580721
1,0,0,0,0.103147955564413,1,1,1,0,1,0,0,0,0,1,-0.1746738569192159,-0.0862297221782063,2,0,2,1,0,0,0,1,0,0,0,0.17569975604117702,0,0.3133827829291666,0,0.39506578263554976
0,0,1,0,-1.2419671042985652,1,0,0,0,0,0,0,0,0,1,0.1945033760478006,-0.9480487599442046,0,0,0,1,1,0,0,1,0,1,1,0.673355040570782,1,0.8031708029609164,1,0.8506842980472046
1,0,1,1,0.9591302663863084,1,1,0,1,0,1,1,0,0,1,1.067557643199529,1.3861134013911018,3,1,2,1,1,0,1,0,0,0,0,0.24067539200335805,0,0.31093845427617245,0,0.4387206415050912
1,0,0,1,-1.2827281667186554,1,0,1,0,0,0,0,0,0,0,-0.4740067485140942,-0.9881297753687308,0,0,1,1,0,0,0,0,1,1,0,0.3040540322395105,0,0.4172120198994924,0,0.4376372927958746
0,0,0,0,0.3477143300849545,1,1,1,1,1,1,1,1,0,1,1.6512567818095416,0.9869576644033178,2,2,4,1,1,0,0,0,0,1,0,0.19244658514786903,0,0.44407212689175735,1,0.5924130482333998
0,0,0,1,-0.4675069183168504,0,0,1,1,1,1,1,0,2,0,-0.3891957625622121,-0.4884516458165183,1,1,4,1,0,0,0,0,1,0,0,0.028277399229081842,0,0.057150863441930905,0,0.10984257009294165
0,0,0,0,-0.8343564800976626,1,1,1,0,1,1,0,0,0,1,-0.1064924760559381,-0.6955626275561317,0,0,3,1,0,0,0,0,1,1,0,0.15415373544962732,0,0.4613107494386993,0,0.4534148539742801
0,0,1,0,0.7145638918657667,1,1,0,0,1,0,1,1,1,0,0.3607994269338442,0.699640534021119,3,2,1,1,0,0,0,0,0,0,0,0.1019778176605488,0,0.24161306830183701,0,0.1941458919138896
1,1,1,0,-0.2229405437963089,0,0,0,0,0,0,0,1,0,0,-0.942961612012737,-0.5551577496380745,2,1,0,1,0,0,0,0,0,1,0,0.27413901602580704,0,0.4986008144709693,1,0.5647583873980173
1,0,1,1,0.429236454925135,1,0,1,0,1,1,1,1,2,1,0.4755437020452143,0.5630518452436468,2,2,3,1,0,0,1,0,0,0,0,0.024143049641250053,0,0.0366914974631489,0,0.07047233475715851
1,0,0,0,0.103147955564413,1,0,0,0,0,0,0,0,1,1,-1.520008908587308,-0.728981856157209,2,0,0,0,0,1,0,0,1,0,0,0.027696161728536367,0,0.029402919985119246,0,0.07516297912508701
0,0,0,0,-1.2827281667186554,1,0,0,0,0,1,0,0,0,1,-0.4207920122305602,-0.9874238906722064,0,0,1,1,0,0,0,1,0,1,1,0.6151349865389544,1,0.7927704143379011,1,0.6634204057077764
0,0,1,1,-1.2827281667186554,1,0,0,0,0,0,0,0,0,1,-0.6369768783824168,-0.9902915472518368,0,0,0,1,0,0,0,1,0,1,1,0.723348472242572,1,0.8106421909075675,1,0.6829547765771895
1,0,1,1,-0.4675069183168504,0,0,0,0,0,0,0,0,0,1,-1.290520358364568,-0.7608569619846391,1,0,0,1,0,0,0,1,0,0,0,0.25561833839442594,1,0.5211578854602092,1,0.634876902786236
1,0,1,1,-0.5082679807369407,1,0,0,0,0,0,1,1,0,1,0.8430579745033704,-0.2266787178897964,1,2,0,1,1,0,0,1,0,1,0,0.48493596430864333,1,0.7358321665591677,1,0.8138337717936193
1,1,1,0,0.755324954285857,1,1,1,0,1,0,0,1,1,1,0.9578022496147404,1.1244728268449782,3,1,2,1,1,0,0,0,0,0,0,0.13045705554553177,0,0.30742689886547536,0,0.4044138897461855
1,0,1,0,0.592280704605496,1,1,0,0,0,0,1,1,1,1,1.0093540253894138,1.0026415400042197,2,2,0,1,1,0,1,0,0,0,0,0.3174154475343301,0,0.4229435106914368,1,0.5344967087604988
0,0,1,1,0.429236454925135,1,1,0,0,1,0,1,1,0,1,1.1457167871159692,0.8468836699367563,2,2,1,1,1,0,0,0,0,0,0,0.4694438410451438,1,0.6785256731074533,1,0.6856033020931391
1,0,0,0,0.3477143300849545,1,0,0,0,0,0,0,0,2,0,-1.4867496984100992,-0.656474262486093,2,0,0,0,0,1,0,0,1,0,0,0.014338743054859434,0,0.010338573189483138,0,0.022529382895095453
1,0,0,0,0.2254311428246837,1,0,0,0,0,0,0,0,0,1,0.1545923238351501,0.1477489958228671,2,0,0,1,1,0,1,0,0,0,0,0.28161062241214435,0,0.4498127975861522,1,0.5336396238603949
0,0,1,0,-0.6713122304173017,1,0,0,0,0,0,0,0,0,0,-1.505042264007564,-0.8717249771325033,1,0,0,0,0,1,0,0,1,0,0,0.06811986382082767,0,0.16801826470589337,0,0.22490832257588347
0,0,0,0,-0.9566396673579334,1,0,0,0,0,0,1,1,0,1,0.8630135006096954,-0.6532095457646675,0,2,0,1,1,0,0,0,0,1,1,0.7289361511125754,1,0.8628104411358111,1,0.843716069265798
1,0,1,1,-1.1196839170382944,1,0,1,0,1,0,0,1,0,1,0.8480468560299513,-0.8187615659964066,0,1,2,1,1,0,0,0,1,0,1,0.5355173180975732,1,0.7318285378330402,1,0.7256553994090436
1,0,1,0,0.429236454925135,1,0,0,0,0,0,1,0,1,1,-0.2827662899951442,0.0444692411626403,2,1,0,1,0,0,0,0,1,0,0,0.07870947871627897,0,0.21529638167742984,0,0.18620237465860828
0,0,0,0,-0.7935954176775724,0,0,0,1,0,0,0,0,0,0,-1.1874168068152209,-0.8528866792940083,1,0,1,1,0,0,0,1,0,0,0,0.19120783578435988,0,0.49372758801269767,1,0.6377722080486621
1,0,0,0,-1.2419671042985652,1,0,0,0,0,0,0,0,0,0,0.1945033760478006,-0.9534531896519696,0,0,0,1,1,0,0,0,1,0,1,0.5368940079191591,1,0.7577896196873968,1,0.7442131095954192
0,1,0,0,-1.2827281667186554,1,0,1,0,1,0,0,0,0,1,-0.3010588555926091,-0.9858356501050264,0,0,2,1,0,0,0,1,0,1,1,0.8020205494487819,1,0.7453590990699187,1,0.6913666962052194
1,0,0,0,1.040652391226489,1,1,0,0,0,0,0,0,2,1,-1.3437350946481017,-0.342686455984229,3,0,0,0,0,1,1,0,0,0,0,0.017223427141443336,0,0.009997341755943825,0,0.019131787560877002
1,1,1,0,1.570546202687662,0,0,1,1,1,1,0,0,2,0,-0.6153583917672312,0.4689927094317701,3,0,4,1,0,0,1,0,0,0,0,0.013934705184215605,0,0.06131974276586364,0,0.02281451381551489
0,0,1,0,0.5515196421854057,0,0,1,1,0,0,1,0,0,0,-0.6419657599089983,-0.1006782995601902,2,1,2,1,0,0,0,1,0,0,0,0.21113521088879994,0,0.4624897960657996,0,0.32291267005463503
0,0,0,0,-1.1604449794583849,1,0,0,0,0,0,0,0,0,0,-1.4900756194278202,-0.9737032568835132,0,0,0,0,0,1,0,0,1,0,0,0.06098562879611252,0,0.2244549010056252,0,0.34851554816061725
0,1,0,0,-1.078922854618204,1,1,0,1,0,0,1,1,0,1,1.1107946164299003,-0.7631290283515771,0,2,1,1,1,0,0,1,0,1,1,0.8804660458326768,1,0.9291002151318731,1,0.9198538628713582
0,0,0,0,-1.2827281667186554,0,0,0,0,0,0,0,0,1,0,-1.2971722004000097,-0.9990489292680927,0,0,0,1,0,0,0,0,1,0,0,0.07686570191930985,0,0.3264330082420491,1,0.5394967055908778
0,0,0,0,-0.1821794813762187,1,0,0,0,1,0,1,0,0,1,-0.1763368174280765,-0.284075967275937,2,1,1,1,0,0,0,0,0,0,0,0.12000791003614075,0,0.3355030820737552,0,0.42646294276491414
0,0,1,1,1.3259798281671205,1,1,1,0,1,0,1,1,2,1,1.3120128380020128,1.9566005895634184,3,2,2,1,1,0,1,0,0,0,0,0.04701811083905284,0,0.2768848782978662,0,0.17145563385821877
0,0,0,0,-0.7935954176775724,0,0,0,1,0,0,0,0,0,1,-1.1042687813721992,-0.838416043015258,1,0,1,1,0,0,0,1,0,0,1,0.5809764440148675,1,0.6976658842818186,1,0.7106265707978762
0,0,0,0,-1.2827281667186554,1,0,0,0,0,0,1,0,0,0,0.4389585708502844,-0.976019441043984,0,1,0,1,1,0,0,1,0,1,1,0.8870777931882394,1,0.9609799313903743,1,0.8372355668388926
0,0,0,0,-1.2827281667186554,1,0,0,0,0,0,0,0,0,0,-1.5299866716404704,-1.002137174815387,0,0,0,0,0,1,0,1,0,0,0,0.3229139864213189,0,0.30178652828721064,0,0.46624726145362977
0,0,1,0,1.1629355784867594,1,1,0,0,0,0,0,0,2,0,-1.3453980551569622,-0.3849071843950948,3,0,0,0,0,1,0,0,1,0,0,0.010765345308480648,0,0.02423650416420449,0,0.012005566622171863
1,0,1,0,1.570546202687662,0,0,0,1,0,0,1,1,2,0,-0.5155807612356051,0.5403973582645668,3,2,1,1,0,0,0,1,0,1,0,0.09907685268146711,0,0.2707076537249033,0,0.07735023412320446
0,0,1,0,-0.3859847934766699,1,0,1,0,1,1,0,1,1,1,0.1296479162022436,-0.2651053160568436,1,1,3,1,0,0,0,0,0,0,0,0.07352572381480292,0,0.16034004389790496,0,0.21950444800863744
1,0,1,1,1.570546202687662,1,0,0,0,0,0,0,0,2,0,-1.501716342989843,-0.4364367672413763,3,0,0,0,0,1,1,0,0,0,0,0.010409375055605942,0,0.005684995349416022,0,0.005028433285271307
0,0,1,1,-0.1821794813762187,1,0,0,0,0,0,0,0,1,1,0.1845256129946381,-0.1315386961363665,2,0,0,1,1,0,0,0,0,0,0,0.07502515479477133,0,0.36662301108097844,0,0.3871177616853857
0,1,0,0,0.5107585797653155,1,1,0,0,1,0,1,1,1,1,1.173987115766597,0.9571119770783956,2,2,1,1,1,0,0,0,0,0,0,0.2987805963368667,0,0.4316398929845232,1,0.6114465824468998
1,0,0,0,-0.5490290431570309,0,0,0,0,0,0,0,0,0,1,-1.3204536475240558,-0.8038276928855622,1,0,0,1,0,0,0,0,0,0,0,0.19568828008415373,0,0.41692712622290296,1,0.6131539312985079
0,1,0,0,-0.7935954176775724,1,0,0,0,1,0,0,0,0,1,0.3142365326857518,-0.5955917074108631,1,0,1,1,1,0,0,1,0,1,1,0.5689833867562867,1,0.7635446303559449,1,0.820806543248186
1,1,0,0,-0.4267458558967602,1,1,0,0,0,0,1,1,0,1,1.0592428406552268,-0.0915017985053731,1,2,0,1,1,0,0,1,0,1,1,0.8142893531251336,1,0.8521241999939768,1,0.8947577818976435
0,0,0,0,0.2254311428246837,1,0,1,1,1,0,0,0,0,1,0.6335249503869557,0.4161395927795053,2,0,3,1,1,0,1,0,0,1,0,0.30123620584718935,1,0.5370620324366888,0,0.4368677314795816
0,0,1,0,-0.9158786049378432,1,0,0,0,1,0,1,1,0,1,0.0980516665338952,-0.7222980104369935,0,2,1,1,0,0,1,0,0,0,0,0.22308850238185968,0,0.4513142456399709,1,0.6597612777345004
1,0,0,0,-0.6305511679972114,1,0,0,0,0,0,0,0,1,1,-1.4884126589189597,-0.8871441459722083,1,0,0,0,0,1,0,0,1,0,0,0.037655445898709186,0,0.009896962923278711,0,0.15740017432089726
1,0,1,1,1.5297851402675715,1,1,0,0,0,0,0,0,2,0,-1.3138018054886138,-0.2537670431189204,3,0,0,0,0,1,0,0,1,0,0,0.015901640071259705,0,0.001083982237233011,0,0.0075558537345548
1,0,1,1,0.918369203966218,1,0,0,0,0,0,0,0,2,0,-1.513357066551866,-0.5016649249795846,3,0,0,0,0,1,0,0,0,0,0,0.014911438877735132,0,0.07936750950732835,0,0.010229566137469122
1,0,1,1,1.6113072651077522,1,1,0,0,0,0,0,0,2,1,-1.322116608032916,-0.2203919323113759,3,0,0,0,0,1,1,0,0,0,0,0.01145129531478185,0,0.0,0,0.009443447562489528
1,1,0,0,-0.8751175425177529,1,1,0,1,1,1,1,1,0,1,1.5481532302601948,-0.4885178225068175,0,2,3,1,1,0,0,1,0,0,1,0.8462987316654663,1,0.8919371270062874,1,0.8896339634720057
0,1,1,0,1.1629355784867594,1,1,1,1,1,1,0,0,0,1,0.9760948152122052,1.590489079931683,3,0,4,1,1,0,1,0,0,0,0,0.08361163903136479,0,0.2434174421253561,0,0.3685391587615122
0,1,0,0,-1.038161792198114,1,0,1,0,0,0,0,0,0,0,0.3857438345667507,-0.788276170665259,0,0,1,1,1,0,0,0,0,1,0,0.37497157653325053,1,0.5920005573387759,1,0.7039365320824653
1,0,1,0,1.24445770332694,1,1,1,0,0,1,0,0,2,1,0.6584693580198622,1.3621133217092722,3,0,2,1,1,0,1,0,0,0,0,0.024105348797195832,0,0.08805924833650579,0,0.0934732334263176
0,0,0,0,-1.2827281667186554,1,0,1,0,0,0,0,0,0,0,-0.5089289192001635,-0.9885930122008248,0,0,1,1,0,0,0,0,0,0,0,0.3232119265727525,1,0.5381496110843509,0,0.48714271986849983
0,0,1,0,1.5297851402675715,1,0,1,1,1,1,1,1,2,0,0.7183359363388377,1.6146435718908776,3,2,4,1,0,0,1,0,0,0,0,0.02611015739010661,0,0.011859046424080004,0,0.02743228730915837
0,0,1,1,1.4482630154273912,1,1,0,1,0,1,0,0,1,1,0.6252101478426535,1.5189961955118207,3,0,2,1,1,0,0,0,0,0,0,0.08578367252576091,0,0.1608160153129442,0,0.17145108124712893
1,0,0,0,1.4890240778474817,1,1,1,1,1,1,1,1,2,0,0.8580246190831143,1.778717646039269,3,2,4,1,0,0,0,0,1,0,0,0.023369192680205562,0,0.02272016036920722,0,0.04120392922735003
1,0,1,1,-1.2827281667186554,1,0,0,0,0,0,0,0,0,0,-1.5000533824809827,-1.001740114673592,0,0,0,0,0,1,0,1,0,0,0,0.2825996766280429,1,0.6489914245598404,0,0.42624680583778585
0,0,0,0,-1.2827281667186554,1,0,0,0,0,0,0,0,0,1,0.176210810450336,-0.9795047467330732,0,0,0,1,1,0,0,0,1,1,1,0.7010278188623701,1,0.8707923741622956,1,0.8003393911111206
1,1,0,0,-0.3452237310565796,1,1,0,0,0,0,0,0,0,1,0.3741031110047274,-0.2548479290604734,1,0,0,1,1,0,0,1,0,1,1,0.5552992993859769,1,0.7570389297503175,1,0.8249088634301939
1,0,1,1,0.5515196421854057,1,0,1,0,1,1,0,0,1,0,-0.2644737243976795,0.119006253336264,2,0,3,1,0,0,0,0,1,0,0,0.05019436290453994,0,0.08600312214654203,0,0.05042942303964712
0,1,0,0,-0.1821794813762187,1,1,0,0,1,1,1,1,0,1,1.2787536278248042,0.2648376198588527,2,2,2,1,1,0,0,1,0,1,1,0.5917538882830826,1,0.7620754541735983,1,0.8289392877203045
0,1,0,0,0.5515196421854057,1,1,0,1,1,0,1,1,0,1,1.3170017195285944,1.135369921847574,2,2,2,1,1,0,0,1,0,0,1,0.6138231580092836,1,0.7841792047469782,1,0.8104164038144934
0,0,0,0,1.24445770332694,1,1,1,1,1,0,1,0,2,0,1.102479813885598,1.7329895530425472,3,1,3,1,1,0,1,0,0,0,0,0.03611592173736249,0,0.07588155990812936,0,0.10966784565018632
1,0,1,0,0.4699975173452252,0,0,0,1,1,0,1,1,2,0,-0.3509476708584221,0.0441604166079107,2,2,2,1,0,0,0,0,0,0,0,0.04403941186219099,0,0.2195137186015687,0,0.13816355021407384
1,0,1,0,-0.0191352316958577,1,1,0,1,0,0,1,1,0,1,1.1307501425362254,0.3774482878512615,2,2,1,1,1,0,1,0,0,0,0,0.4768358340964324,1,0.7166942800670525,1,0.7386473077594192
1,1,1,0,-1.1604449794583849,0,0,0,0,1,0,0,0,0,1,-1.1624723991823145,-0.9582840880438084,0,0,1,1,0,0,0,1,0,0,1,0.7362343195911772,1,0.8271624463202323,1,0.8442779142695492
1,0,1,1,-0.1821794813762187,1,0,0,0,1,0,1,0,0,0,0.6850767261616291,-0.0002000247892946,2,1,1,1,1,0,0,1,0,0,0,0.3607159862331584,1,0.6820107733298186,1,0.6307163513492933
0,0,0,0,-0.5897901055771212,1,1,0,0,0,1,1,0,0,1,0.781528435675534,-0.2872303895135304,1,1,1,1,1,0,0,1,0,1,1,0.504396357088601,1,0.7040934121556969,1,0.8055537479681036
0,0,0,0,0.5107585797653155,1,0,1,0,1,1,1,1,2,0,0.558691727488236,0.5860372156742227,2,2,3,1,0,0,0,0,0,0,0,0.024829519077463547,0,0.02202581382594865,0,0.06159898814351098
0,0,0,0,0.8368470791260375,1,0,0,1,1,1,0,1,1,1,0.9844096177565071,1.2142966544777087,3,1,3,1,1,0,1,0,0,0,0,0.10632174784616494,0,0.22200753550534297,0,0.26142729625451294
1,0,0,0,-0.2637016062163992,1,0,0,0,0,0,0,0,1,0,-1.5116941060430058,-0.7785923149848148,2,0,0,0,0,1,0,0,1,0,0,0.02313431567556309,0,0.018287750537116367,0,0.0783760404910521
0,0,0,0,0.0216258307242325,1,1,0,1,0,0,1,1,0,1,1.1689982342400156,0.4545220731530197,2,2,1,1,1,0,0,1,0,0,1,0.5642179069916744,1,0.7671545448205209,1,0.8076613332518892
0,1,1,0,0.0623868931443227,1,1,0,1,1,0,0,1,0,1,0.9777577757210656,0.409058686917495,2,1,2,1,1,0,0,1,0,1,0,0.4848295908963045,1,0.6869967862792262,1,0.797081499155741
0,1,1,0,-0.2229405437963089,1,0,1,0,1,0,1,1,0,1,1.2105722469615263,0.2047491850672126,2,2,2,1,1,0,0,1,0,1,0,0.4867922491741827,1,0.6474040822261824,1,0.7829747224763517
1,0,1,1,1.6113072651077522,0,0,1,1,1,1,0,0,2,0,-0.6519435229621608,0.3747571024457622,3,0,4,1,0,0,1,0,0,0,0,0.014931116573745995,0,0.02834058988552965,0,0.013692413457711067
0,0,1,0,-1.2419671042985652,1,0,1,0,0,0,0,0,0,1,0.3175624537034729,-0.9489531747116264,0,0,1,1,1,0,0,1,0,1,1,0.5967283639330039,1,0.7491802461450966,1,0.7996505544332789
1,0,0,0,-1.1604449794583849,1,0,0,0,1,1,0,1,0,1,0.8497098165388122,-0.8531072682616722,0,1,2,1,1,0,0,1,0,0,1,0.6242596317547323,1,0.7731215534304279,1,0.8365060508624746
0,0,0,0,-0.9566396673579334,1,1,0,0,0,0,0,1,0,1,0.6135694242806301,-0.6560551434475316,0,1,0,1,1,0,0,1,0,1,1,0.7061686423263009,1,0.8528202755799452,1,0.887419838451778
0,0,0,0,-1.078922854618204,1,0,0,0,1,0,0,1,0,0,0.6335249503869557,-0.7909452971739919,0,1,1,1,1,0,0,1,0,1,1,0.5109894657092596,1,0.7748851451246073,1,0.8210179556024667
1,0,1,1,1.4482630154273912,1,1,0,0,0,0,0,0,2,0,-1.3004981214177305,-0.2665612032434252,3,0,0,0,0,1,0,0,1,0,0,0.015901640071259705,0,0.001083982237233011,0,0.008182978043357719
0,0,1,1,-0.7935954176775724,1,0,0,0,0,0,0,1,0,0,-0.2960699740660276,-0.6864743620883801,1,1,0,1,0,0,0,1,0,1,0,0.20642481822654016,0,0.4395777910777885,1,0.5467335991633524
1,0,1,1,-1.038161792198114,0,0,1,1,1,0,1,1,0,0,-0.1996182645521224,-0.8049968144141807,0,2,3,1,0,0,0,0,1,0,0,0.22381799130721475,0,0.3797753181907877,1,0.6138899716770715
0,0,1,1,-1.038161792198114,1,0,1,0,0,0,0,0,0,0,-0.4706808274963733,-0.855886689254237,0,0,1,1,0,0,0,0,1,0,0,0.11603132643511435,0,0.3491659762111241,0,0.3864944949378927
1,0,1,1,-0.712073292837392,1,1,0,0,1,1,0,0,0,1,-0.1730108964103555,-0.627907991173621,1,0,2,1,0,0,0,0,0,0,0,0.2076981253455927,0,0.3712344943361049,0,0.4552058827037795
1,0,0,0,-0.7528343552574821,1,1,0,0,0,1,1,0,0,1,0.8347431719590681,-0.4905692999060915,1,1,1,1,1,0,0,1,0,1,1,0.691730240077843,1,0.8159331204955227,1,0.8185942887141477
1,0,0,0,-1.2827281667186554,1,0,0,0,0,0,1,0,0,1,0.4688918600097724,-0.9756223809021892,0,1,0,1,1,0,0,1,0,1,1,0.8960944934809759,1,0.951714693390119,1,0.8782500426479426
1,0,1,1,-1.038161792198114,0,0,1,1,1,0,0,0,2,0,-0.8747802311494592,-0.8869235570045444,0,0,3,1,0,0,0,0,1,0,0,0.019992033229645902,0,0.09329618001046573,0,0.18840041432472202
0,0,1,0,-0.6713122304173017,1,1,0,0,0,0,1,0,0,1,0.6684471210730246,-0.4023998895308402,1,1,0,1,1,0,0,1,0,1,1,0.7040751262133532,1,0.833000837056098,1,0.8487496163335801
1,0,1,1,1.040652391226489,1,1,0,1,0,1,1,0,1,1,0.9927244203008097,1.3852972222107458,3,1,2,1,1,0,1,0,0,0,0,0.1258982539091725,0,0.13744660841211787,0,0.2544519384743326
1,0,0,0,-1.1196839170382944,1,0,0,0,1,0,1,1,1,1,0.1712219289237545,-0.8571881641634539,0,2,1,1,0,0,0,0,1,1,0,0.17419950844637308,1,0.5354150836967589,1,0.5316635627294009
0,0,0,1,-0.712073292837392,1,0,0,0,0,0,0,0,0,0,0.1379627187465458,-0.571569568832267,1,0,0,1,1,0,0,0,0,1,0,0.3818603816772244,0,0.4672054821258404,1,0.6031881790197617
0,0,1,0,0.918369203966218,1,1,0,1,0,0,0,0,0,1,0.4289808077971219,0.8717881643860079,3,0,1,1,1,0,1,0,0,0,0,0.22505991374937412,0,0.40901991226619566,0,0.4369798007017341
0,1,0,0,1.3667408905872107,1,1,0,0,1,1,1,1,1,1,1.26378698324506,2.0675347814015823,3,2,2,1,1,0,1,0,0,0,0,0.3416651312107228,0,0.37087423021174376,0,0.41711990941607363
1,0,1,0,1.3667408905872107,1,1,1,1,1,1,1,1,2,0,0.8929467897691834,1.670099638361576,3,2,4,1,0,0,0,0,0,0,0,0.02902452378904477,0,0.05108215928556399,0,0.04581381243192518
0,1,1,0,1.3667408905872107,1,1,0,1,1,0,1,1,2,1,0.5221065962933062,1.3123925683978346,3,2,2,1,0,0,0,0,0,1,0,0.03955576164955223,0,0.11337978228366709,0,0.11198247452556011
0,0,0,0,-0.7935954176775724,1,0,0,1,0,0,0,0,1,1,0.3258772562477751,-0.5841651988858743,1,0,1,1,1,0,0,0,1,0,0,0.09329894542871178,0,0.41267794004701747,1,0.52261503184925
1,0,0,0,-0.9974007297780236,1,1,0,1,1,0,1,0,0,1,0.9694429731767632,-0.6691360692299994,0,1,2,1,1,0,0,1,0,1,1,0.7211141522039999,1,0.8732698694011859,1,0.8724336335009614
1,1,0,0,-0.3859847934766699,1,1,0,1,1,0,1,1,0,1,1.3818571793741514,0.0852120234901581,1,2,2,1,1,0,0,1,0,1,1,0.7838556670280721,1,0.7835898847662002,1,0.8838129751943513
1,0,1,0,0.918369203966218,1,1,1,1,0,0,1,0,0,1,1.0609058011640873,1.3008337064922473,3,1,2,1,1,0,0,1,0,1,0,0.3328656651098101,1,0.5202037865725164,1,0.5652949282533773
0,0,0,0,-1.2827281667186554,1,0,0,0,0,0,0,0,0,1,0.1978292970655213,-0.9792179810751102,0,0,0,1,1,0,0,0,1,1,1,0.7224331670820594,1,0.8692212740093624,1,0.8007993436694252
1,0,0,0,-1.2827281667186554,1,0,0,0,0,1,0,0,0,0,0.3042587696325893,-0.9778062116820614,0,0,1,1,1,0,0,1,0,0,1,0.5632890974616189,1,0.7236789733193302,1,0.7667671931781334
0,0,0,0,1.4890240778474817,1,1,0,1,1,1,1,1,2,1,1.518219941100707,2.278726659042977,3,2,3,1,1,0,0,0,0,0,0,0.11572552931921598,0,0.3239848444700372,0,0.20316028906484765
1,0,0,0,-1.2827281667186554,1,1,0,1,0,0,0,1,0,1,0.8646764611185557,-0.9703723634717888,0,1,1,1,1,0,1,0,0,1,1,0.8768084895446413,1,0.8525176374929854,1,0.850345553112355
0,0,0,1,-0.5897901055771212,1,0,0,0,0,0,0,0,1,0,-1.4867496984100992,-0.8380189828734631,1,0,0,0,0,1,0,0,0,1,0,0.02449762179437969,0,0.01028952372377445,0,0.10342964500656812
0,0,0,0,0.7145638918657667,1,0,0,1,0,1,1,1,2,1,1.1756500762754574,1.2123995893557993,3,2,2,1,1,0,0,0,1,0,0,0.05426820111094385,0,0.21539965396526944,0,0.19939385141750446
0,0,0,0,-0.9158786049378432,1,0,0,0,0,0,0,0,0,0,-1.5299866716404704,-0.938453139850826,0,0,0,0,0,1,0,0,1,0,0,0.07466341316268837,0,0.2891666497067408,0,0.29558645761267527
1,0,1,1,1.4890240778474817,1,1,0,0,1,0,0,0,2,1,0.4772066625540746,1.3810177962380663,3,0,1,1,1,0,1,0,0,0,0,0.0439423328600028,0,0.086189119299214,0,0.10831800867275533
1,0,0,1,0.0623868931443227,1,1,1,1,0,0,1,1,1,1,1.2953832329134083,0.5207869990392483,2,2,2,1,1,0,0,1,0,0,0,0.26956844402624497,0,0.47358025426635925,1,0.5455220117616626
1,0,1,1,1.1221745160666692,1,0,1,1,1,1,0,0,1,1,0.0331962066883382,0.7226259044516951,3,0,4,1,0,0,0,0,0,0,0,0.03153954981004575,0,0.0578408857862259,0,0.0434379256365011
1,0,1,1,0.7960860167059473,0,0,1,0,1,0,0,1,1,0,-0.6852027331393695,-0.0062882802968177,3,1,2,1,0,0,0,0,0,0,0,0.07085587644842013,0,0.08936217702440494,0,0.09925257469514792
0,1,0,0,-0.7528343552574821,1,0,1,1,0,0,0,0,0,0,0.4655659389920513,-0.549951850001207,1,0,2,1,1,0,0,1,0,0,0,0.3441246818621268,0,0.49238396402459017,1,0.680598540369763
1,0,1,1,1.2036966409068497,1,1,1,1,0,0,1,1,0,1,1.3519238902146633,1.8515561231618805,3,2,2,1,1,0,0,1,0,0,0,0.3808912932970739,0,0.42700521551817905,1,0.5763583741174365
0,0,1,0,0.8776081415461278,1,1,1,1,0,0,1,1,1,0,1.3868460609007325,1.5321874157781208,3,2,2,1,1,0,0,0,0,1,0,0.2231499400215431,0,0.4570435123251924,0,0.3213870452196849
1,0,0,0,1.6113072651077522,0,0,1,0,1,1,1,1,2,1,-0.1214591206356819,0.9264280516763502,3,2,3,1,0,0,1,0,0,0,0,0.014182565152375964,0,0.022472933205028897,0,0.050577748858678655
1,1,0,0,-1.2827281667186554,0,0,0,1,1,0,0,1,0,1,-0.7167989828077179,-0.9913503742966232,0,1,2,1,0,0,0,1,0,1,1,0.9268321859851637,1,0.8381485690638445,1,0.8701061893788891
1,0,1,1,1.2852187657470302,1,0,1,1,0,0,0,0,0,0,0.5387362013819106,1.2551497312890587,3,0,2,1,1,0,0,1,0,0,0,0.14333165028570288,0,0.18532893422027555,0,0.2546707823848365
0,0,1,0,0.0623868931443227,1,1,0,0,0,0,0,0,0,0,-1.3354202921037994,-0.6662463537536026,2,0,0,0,0,1,0,1,0,0,0,0.08110077207278388,0,0.07453837357756363,0,0.19551295221559944
0,0,0,0,0.6330417670255862,1,0,0,1,0,0,0,0,1,0,0.3425068613363795,0.6539565588179304,2,0,1,1,1,0,0,1,0,0,0,0.08288723785888698,0,0.286593701665071,0,0.3104831552266693
1,1,0,0,1.2852187657470302,1,0,0,0,0,0,0,0,2,1,-1.4900756194278202,-0.4819001534769012,3,0,0,0,0,1,0,0,0,0,0,0.011919566941668699,0,0.019499525167915307,0,0.014741493782713484
1,1,1,0,0.1439090179845032,1,1,0,0,0,0,0,1,0,1,0.640176792422397,0.3226098704900217,2,1,0,1,1,0,0,1,0,1,1,0.5828335979546481,1,0.7721309353325077,1,0.8051535356004529
1,0,1,1,-0.2637016062163992,1,0,0,0,1,0,0,0,1,0,-0.4823215510583964,-0.4431867896518909,2,0,1,1,0,0,0,0,1,0,0,0.049944987834835135,0,0.09991314109467772,0,0.14901690078853558
1,0,0,0,-1.1604449794583849,1,0,0,0,0,0,1,1,0,1,0.7848543566932551,-0.8469307771670836,0,2,0,1,1,0,0,1,0,1,1,0.7058626418275858,1,0.8794812668512343,1,0.8947303691652899
1,0,1,1,1.1221745160666692,1,1,1,0,1,1,1,1,2,1,1.5215458621184277,1.895519504417292,3,2,3,1,1,0,0,1,0,0,0,0.16694674154023323,0,0.3305100012639307,0,0.2229646101398052
1,0,1,1,-0.712073292837392,1,0,0,0,0,0,0,0,2,0,-1.513357066551866,-0.8874309116301714,1,0,0,0,0,1,0,0,1,0,0,0.017535405264464874,0,0.019839529751294455,0,0.05581208012050455
0,0,1,0,0.3477143300849545,1,1,1,1,1,1,1,1,0,1,1.6213234926500537,1.016737175037941,2,2,4,1,1,0,0,0,0,1,0,0.19244658514786903,0,0.43159947436667523,1,0.5936160727305998
0,0,0,0,-0.1414184189561284,1,0,0,0,0,0,0,0,1,0,-1.4800978563746574,-0.7380921805217271,2,0,0,0,0,1,0,0,1,0,0,0.023360385653343512,0,0.01579246684215915,0,0.06999247963624305
0,0,0,0,-1.2419671042985652,1,0,0,0,0,0,0,0,0,0,-1.5083681850252848,-0.9982989267780354,0,0,0,0,0,1,0,0,1,0,1,0.684443826599267,1,0.6269610447743302,0,0.3645369813947175
1,1,0,0,1.4890240778474817,1,1,1,0,1,1,0,1,2,0,0.3075846906503099,1.2091128137376077,3,1,3,1,0,0,1,0,0,0,0,0.033454968446183404,0,0.09061390317127499,0,0.03512463288238107
0,0,0,1,-0.7935954176775724,1,0,0,0,1,1,0,0,0,0,-0.3792179995090494,-0.6936435035374561,1,0,2,1,0,0,0,0,1,0,0,0.12597549371038383,0,0.25872472050357126,0,0.3209513185761797
0,0,1,1,0.755324954285857,1,1,0,0,1,0,0,1,1,1,0.84139501399451,0.9990459398312984,3,1,1,1,1,0,0,1,0,0,0,0.13136651595330748,0,0.3483713072847246,0,0.449227341734525
0,0,0,0,-0.0191352316958577,1,1,1,0,0,0,1,1,1,0,0.3292031772654958,-0.0032662114398226,2,2,1,1,0,0,0,0,1,0,0,0.10614795317073869,0,0.18820427038265478,0,0.22317869066186008
0,0,0,0,-0.1414184189561284,1,0,1,0,1,1,0,0,1,0,-0.2278885932027499,-0.2452302500703284,2,0,3,1,0,0,1,0,0,0,0,0.0476669571634876,0,0.1465830342406399,0,0.09460626635862164
1,0,1,1,1.040652391226489,1,1,1,1,1,1,0,0,2,0,0.2244366652072882,0.8558395820239099,3,0,4,1,0,0,1,0,0,0,0,0.024183159084725632,0,0.0896348367552274,0,0.02185218720455291
1,1,1,1,1.040652391226489,1,1,1,1,0,1,0,0,1,1,0.831417250941347,1.2509144231099123,3,0,3,1,1,0,0,0,0,0,0,0.09894965319408683,0,0.1516657165715672,0,0.20131888087195332
0,0,0,0,-1.2827281667186554,1,0,0,0,0,0,1,0,0,1,-0.327666223734376,-0.9861885924532888,0,1,0,1,0,0,1,0,0,1,0,0.3765951058318517,1,0.7674752267808116,1,0.6763753417122749
0,1,1,0,0.918369203966218,1,1,0,1,1,1,0,0,0,0,0.8513727770476726,1.2152010692451307,3,0,3,1,1,0,0,1,0,0,0,0.3154868021518573,0,0.382015059934559,0,0.48880099573030394
1,0,1,1,1.6113072651077522,1,1,1,1,1,1,1,0,2,0,0.5803102141034214,1.5550624917248643,3,1,4,1,0,0,0,0,0,0,0,0.015311279204085482,0,0.03535425103985879,0,0.02283223544130435
1,0,1,0,1.1629355784867594,1,1,0,1,0,1,1,0,2,1,0.972768894194484,1.477040173862152,3,1,2,1,1,0,0,1,0,1,0,0.07111709102202994,0,0.1953720193076755,0,0.21303596190351107
0,1,1,0,-0.712073292837392,1,1,0,0,1,1,0,0,0,1,0.6052546217363279,-0.4553191828734041,1,0,2,1,1,0,0,1,0,1,1,0.6825400806025491,1,0.7340517205439018,1,0.8115495107891808
1,0,0,0,-1.2419671042985652,1,0,0,0,0,0,0,0,0,0,-1.4917385799366805,-0.9960268604110976,0,0,0,0,0,1,0,0,1,0,1,0.5697051841713353,1,0.5404427989984062,0,0.3699500976070122
0,0,0,0,0.8368470791260375,1,0,1,1,1,1,0,1,2,0,1.1523686291514113,1.3826060368052464,3,1,4,1,1,0,0,0,1,0,0,0.03697922799900264,0,0.18166399871608577,0,0.0893832842805742
1,0,0,0,1.081413453646579,1,1,0,0,0,0,0,0,2,0,-1.325442529050637,-0.344054107583745,3,0,0,0,0,1,0,0,1,0,0,0.013995612678838653,0,0.11511826428931693,0,0.01376638320766064
0,1,0,0,-0.6305511679972114,1,0,0,1,1,0,1,0,0,1,0.8081358038173013,-0.3500541275042023,1,1,2,1,1,0,0,1,0,1,1,0.5142461824607363,1,0.741090500783007,1,0.8249701751492456
1,0,1,1,-0.4267458558967602,1,1,0,0,1,1,1,1,1,1,0.4589140969566099,-0.2764435889947669,1,2,2,1,0,0,0,0,1,0,0,0.127332415463101,0,0.4456168743591533,0,0.3415179552122282
1,0,0,0,-0.1821794813762187,1,0,0,0,1,1,0,1,0,0,0.8696653426451372,0.1481460559646621,2,1,2,1,1,0,0,1,0,0,0,0.30757960257338485,0,0.47593962738553713,1,0.6361298547014549
0,0,0,0,0.6330417670255862,1,0,1,1,0,0,0,0,2,0,-0.3110366186457716,0.1486754694870553,2,0,2,1,0,0,1,0,0,0,0,0.023726661723017635,0,0.10292120191865607,0,0.0330273896138886
1,0,1,0,-1.201206041878475,0,0,0,0,0,1,0,0,0,1,-1.1624723991823145,-0.96975471436233,0,0,1,1,0,0,0,1,0,0,1,0.6476463740447602,1,0.788287256508389,1,0.776276144272684
1,0,0,0,0.103147955564413,1,0,0,1,1,0,1,1,1,1,1.2471573781564558,0.5893019323956481,2,2,2,1,1,0,0,0,0,1,0,0.20738345268150127,0,0.2707066953534872,1,0.5250661932158444
1,0,0,0,-1.2827281667186554,1,0,0,0,0,0,0,0,0,1,0.1562552843440105,-0.9797694534942698,0,0,0,1,1,0,0,1,0,1,1,0.8547781579314997,1,0.9372302865528256,1,0.8567023365478348
1,0,0,0,1.2036966409068497,1,1,1,1,0,0,0,1,1,1,0.9129023158755084,1.5181358985379318,3,1,2,1,1,0,0,0,0,0,0,0.07168677009087226,0,0.3068268100442692,0,0.27643641646976097
1,0,0,1,0.4699975173452252,1,0,0,0,0,0,0,0,2,0,-1.5067052245164243,-0.6487095308243245,2,0,0,0,0,1,0,0,0,0,0,0.014911438877735132,0,0.07854651163688016,0,0.017474279070864296
1,0,0,0,1.4890240778474817,0,0,0,1,1,0,0,0,1,1,-0.9679060196456436,0.089072330424276,3,0,2,1,0,0,0,0,0,0,0,0.058969104416874654,0,0.15869737794305222,0,0.08530547717184499
1,0,0,0,-0.4267458558967602,1,1,0,0,0,0,1,1,0,1,1.0060281043716928,-0.0563619759565176,1,2,0,1,1,0,0,1,0,0,1,0.5346395226792531,1,0.7912582749899266,1,0.8711430852263968
0,0,0,0,-1.038161792198114,1,1,0,0,0,0,0,0,0,1,0.3341920587920773,-0.7717099391937018,0,0,0,1,1,0,0,1,0,1,1,0.6974798218030102,1,0.8082241545130014,1,0.8664072591545354
1,0,1,1,0.5107585797653155,1,0,1,0,0,1,0,0,2,0,-0.3393069472963991,0.1161827145501663,2,0,2,1,0,0,0,0,0,0,0,0.022959429760002068,0,0.11372619342159024,0,0.028522716568492985
1,0,0,0,-1.201206041878475,1,0,0,0,0,0,0,1,0,1,0.5154547542578644,-0.8984824189101316,0,1,0,1,1,0,0,1,0,0,1,0.6815577859712149,1,0.8827840058974507,1,0.8780675836142707
0,0,0,0,-0.5897901055771212,1,1,0,0,0,0,0,0,0,1,0.3092476511591708,-0.4167381724289922,1,0,0,1,1,0,0,1,0,0,1,0.5337663144030247,1,0.6443639730791517,1,0.8096121961547418
1,0,0,0,-0.4267458558967602,1,1,1,1,0,0,0,0,0,0,-0.1946293830255412,-0.456907423440584,1,0,2,1,0,0,0,1,0,1,0,0.13332730134931434,0,0.23061770093770717,0,0.4186104856475629
1,0,0,0,-0.5490290431570309,1,1,0,1,0,0,1,1,0,1,1.167335273731155,-0.1582079023269292,1,2,1,1,1,0,0,1,0,1,1,0.6806080864456785,1,0.7934070188549215,1,0.8652175057402495
1,0,0,0,-0.9158786049378432,1,0,1,1,1,1,1,1,0,1,1.5049162570298231,-0.5501724389688709,0,2,4,1,1,0,0,1,0,1,1,0.6396181295852663,1,0.7174646675417794,1,0.7784255896690438
0,0,0,0,0.266192205244774,1,1,0,1,1,0,1,1,0,1,1.2837425093513857,0.7518098248736257,2,2,2,1,1,0,0,1,0,1,0,0.4523155462776597,1,0.7387710697799713,1,0.7848509004198392
1,0,0,0,0.9591302663863084,1,1,1,0,0,1,1,1,0,1,1.3469350086880818,1.54593010846358,3,2,2,1,1,0,0,0,1,0,0,0.2231813920996534,0,0.4223569769277579,1,0.5098355928947337
0,0,0,0,0.1439090179845032,0,0,1,1,1,1,0,1,2,1,-0.3908587230710724,-0.1716638293544257,2,1,4,1,0,0,0,0,1,0,0,0.02291491603684434,0,0.11562550649061094,0,0.10188949304473871
0,0,0,0,0.3477143300849545,1,0,1,0,1,1,1,1,1,1,0.49882514916926,0.4545882498433189,2,2,3,1,0,0,0,0,0,0,0,0.09511063401030188,0,0.1672751762459552,0,0.17006686630874382
1,0,1,1,-1.078922854618204,1,0,0,0,0,0,0,0,0,1,-0.6735620095773465,-0.8953941733628372,0,0,0,1,0,0,0,0,0,1,0,0.19833380593328329,0,0.48300724605589834,1,0.5705699723693672
1,1,1,0,-0.1414184189561284,1,1,0,0,1,0,1,1,0,1,1.1191094189742024,0.3149113155185525,2,2,1,1,1,0,0,1,0,1,1,0.6680930637070439,1,0.8438836945430225,1,0.8651331941289553
1,0,0,0,0.4699975173452252,1,1,1,1,1,0,1,1,0,1,1.5514791512779156,1.1580023499298873,2,2,3,1,1,0,0,1,0,0,0,0.3624005820127976,1,0.5743238799940736,1,0.728630938296369
0,0,0,0,-0.3044626686364894,1,0,0,0,0,0,0,0,0,1,-1.5183459480784474,-0.775702599508418,2,0,0,0,0,1,1,0,0,0,0,0.05604025541203682,0,0.07709546966954231,0,0.19549682794114812
1,0,1,1,-0.9974007297780236,1,0,0,0,0,0,0,0,1,0,-1.4950645009544017,-0.9425340357526076,0,0,0,0,0,1,1,0,0,0,0,0.03784911520955462,0,0.03817473526868145,0,0.154408729465117
1,0,0,0,-0.9974007297780236,1,0,0,0,1,0,1,1,0,1,0.9927244203008097,-0.68384935337318,0,2,1,1,1,0,0,1,0,1,1,0.7065773382663452,1,0.8676190761355191,1,0.88312686787568
1,0,0,0,0.8776081415461278,1,1,0,0,1,0,0,1,0,0,0.8164506063616035,1.1378625771821755,3,1,1,1,1,0,1,0,0,0,0,0.22914934854317645,0,0.45871145360785553,0,0.49062186836350774
0,0,1,1,1.081413453646579,1,0,0,0,0,0,0,0,2,0,-1.4717830538303551,-0.4430985540648254,3,0,0,0,0,1,0,0,1,0,0,0.01314422927216259,0,0.022808586151178402,0,0.008394326247586526
0,0,0,0,-1.2827281667186554,0,0,0,0,0,0,0,0,0,0,-1.3387462131215204,-0.9996004016872524,0,0,0,1,0,0,0,1,0,1,0,0.3669448954977983,1,0.6559051481305056,1,0.7804408787225029
1,0,0,0,-1.078922854618204,1,0,0,0,0,0,0,0,0,0,-1.4867496984100992,-0.9528796583360434,0,0,0,0,0,1,0,0,0,0,0,0.09095669442020994,0,0.29931872609966387,0,0.3466773866062654
0,0,1,1,-0.9974007297780236,1,0,0,0,0,0,0,0,2,0,-1.5083681850252848,-0.9401516749018378,0,0,0,0,0,1,0,0,0,0,0,0.02162952744212825,0,0.10160408364399612,0,0.08417330896667931
0,0,1,1,1.6113072651077522,1,0,0,0,0,0,0,0,2,0,-1.501716342989843,-0.4017160637310822,3,0,0,0,0,1,1,0,0,0,0,0.010409375055605942,0,0.0009683592971264205,0,0.004815012066502157
0,0,0,0,-0.7935954176775724,0,0,0,0,1,1,0,0,2,0,-0.9795467432076664,-0.8117468368246954,1,0,2,1,0,0,0,0,1,0,0,0.025407027147705798,0,0.06217871824212232,0,0.18914008591195908
0,0,1,1,1.6113072651077522,1,0,1,1,1,1,1,1,2,1,1.4849607309234982,2.454955185309648,3,2,4,1,1,0,1,0,0,0,0,0.015607087080060162,0,0.042161981668436016,0,0.09567066639569147
1,0,1,0,1.570546202687662,1,1,1,1,1,1,1,1,2,0,0.8546986980653932,1.814850118942612,3,2,4,1,0,0,0,0,0,0,0,0.018028704975727967,0,0.016965835844976285,0,0.0401059287178726
0,1,0,0,-0.5082679807369407,1,0,0,0,0,0,1,0,0,0,0.5270954778198876,-0.298303955690257,1,1,0,1,1,0,0,0,0,0,0,0.3004539119278794,1,0.6283604974011633,1,0.7253263087207784
0,0,1,1,1.407501953007301,1,0,0,1,0,0,0,0,1,0,-0.4756697090229548,0.5035590006646995,3,0,1,1,0,0,1,0,0,0,0,0.0444965899760819,0,0.09506853288251577,0,0.037625803215809536
1,0,1,0,1.570546202687662,1,1,0,0,0,0,0,0,2,1,-1.3420721341392414,-0.209186012754051,3,0,0,0,0,1,0,1,0,0,0,0.018463369190576222,0,0.05476730453454591,0,0.017554263748371053
0,1,0,0,1.3259798281671205,0,0,0,1,1,0,1,1,2,1,-0.377555039000189,0.5415664797931854,3,2,2,1,0,0,0,0,0,0,0,0.03284541511797142,0,0.1514411506263908,0,0.11316159284543005
1,0,1,1,-1.038161792198114,1,0,0,0,0,0,0,0,0,1,0.1695589684148941,-0.7768496621402702,0,0,0,1,1,0,0,0,0,1,1,0.5104876030809649,1,0.7168058201886975,1,0.7544335747655793
1,0,0,0,0.918369203966218,1,1,0,0,1,0,1,1,2,1,0.4306437683059823,0.8969132478029238,3,2,1,1,0,0,0,0,0,0,0,0.03894863749335924,0,0.14544157251120648,0,0.1289071046899205
1,0,0,0,0.2254311428246837,1,0,0,0,0,0,0,0,1,0,-1.4884126589189597,-0.688349368313523,2,0,0,0,0,1,0,0,1,0,0,0.02523210407641127,0,0.008181616139668944,0,0.05086579512136431
0,1,0,0,-0.2229405437963089,1,1,0,0,1,0,0,0,0,1,0.4389585708502844,-0.0683178980038996,2,0,1,1,1,0,0,1,0,1,1,0.515979523977727,1,0.679118819047766,1,0.7869069679434679
0,0,0,1,-0.9566396673579334,1,0,0,0,0,1,1,1,0,1,0.1512664028174294,-0.758342247753271,0,2,1,1,0,0,1,0,0,0,0,0.20077281294242383,1,0.5260427904525016,1,0.5696879976216475
1,0,0,0,-1.038161792198114,1,0,0,1,0,0,1,1,0,1,0.9777577757210656,-0.7153053401620487,0,2,1,1,1,0,0,1,0,1,1,0.7205116893521305,1,0.8908774880661631,1,0.8769949024763292
0,1,0,0,0.103147955564413,1,1,1,1,1,1,1,1,1,1,1.5281977041538697,0.6820375344015418,2,2,4,1,1,0,0,0,0,0,0,0.14546864531616852,0,0.3344172288472763,0,0.48893500890122876
0,1,1,0,0.3069532676648642,1,0,0,1,0,1,1,1,1,1,1.1423908660982487,0.781699629992081,2,2,2,1,1,0,1,0,0,1,0,0.22510706983763126,0,0.35262016716398414,0,0.47152577709376475
1,0,1,1,1.2852187657470302,1,1,1,1,1,0,0,0,0,1,0.8962727107869041,1.6191877046247536,3,0,3,1,1,0,0,1,0,0,0,0.18522212986708028,0,0.36588229448510434,0,0.4122948856114233
0,0,1,1,-0.0598962941159479,1,0,0,0,0,0,0,0,2,0,-1.4584793697594718,-0.7026435334181421,2,0,0,0,0,1,0,0,1,0,0,0.014398636540027914,0,0.030117575280769467,0,0.027408728551385785
1,0,1,0,-0.5897901055771212,1,1,1,0,0,0,1,1,0,1,1.1490427081336905,-0.2415022965168088,1,2,1,1,1,0,0,1,0,1,1,0.6533434661358384,1,0.803204459329891,1,0.8347152382202425
0,1,0,1,0.0216258307242325,1,1,0,1,1,0,1,1,0,1,1.3469350086880818,0.5182502259111137,2,2,2,1,1,0,0,0,0,0,0,0.42720689071759393,1,0.7458567537677442,1,0.7608087797043208
1,0,0,0,-0.4267458558967602,1,1,1,0,0,0,0,0,0,1,-0.3459587893318406,-0.5130914335045734,1,0,1,1,0,0,0,1,0,1,0,0.21994549186959533,0,0.41465739123940115,1,0.5199532118291837
0,0,0,0,-1.078922854618204,1,0,0,0,0,0,0,0,0,0,-1.4917385799366805,-0.9622767483585246,0,0,0,0,0,1,0,0,1,0,0,0.08761762601728111,0,0.21010667987374698,0,0.33065392629019225
1,1,1,0,1.24445770332694,0,0,1,0,0,1,0,0,1,0,-0.9562652960836204,0.0037705766286551,3,0,2,1,0,0,0,0,0,0,0,0.025023302084331303,0,0.07052140666320912,0,0.06248671114230406
1,0,0,0,0.1846700804045935,1,1,1,1,1,1,0,0,1,0,0.0864109429718724,0.0674766704899826,2,0,4,1,0,0,0,1,0,0,0,0.07343249221099848,0,0.16311812451475183,0,0.13138038380840977
0,0,0,0,-0.4675069183168504,0,0,1,0,0,1,0,0,2,0,-0.9895245062608292,-0.6705698975198146,1,0,2,1,0,0,0,0,1,0,0,0.0287884415450998,0,0.04530701760410052,0,0.11609353180656856
0,0,1,0,-1.1604449794583849,1,0,1,1,0,0,0,0,0,0,-0.3376439867875385,-0.9067545051975268,0,0,2,1,0,0,0,0,1,0,0,0.14857210960727618,0,0.46777020846876355,0,0.4228668788550563
1,0,1,1,1.4890240778474817,1,0,0,0,0,0,0,0,2,0,-1.4950645009544017,-0.4119072740371532,3,0,0,0,0,1,0,0,0,0,0,0.014384194744045228,0,0.0027249717896096217,0,0.005936907891255458
0,0,1,1,-0.712073292837392,1,0,0,1,1,1,1,1,0,0,0.387406795075611,-0.5006281568315644,1,2,3,1,0,0,0,0,0,0,0,0.19920928707141816,0,0.22088762605551512,0,0.39885678951433073
1,0,1,0,-0.9974007297780236,1,0,1,0,0,0,0,0,0,1,0.3208883747211936,-0.7413789561399188,0,0,1,1,1,0,0,1,0,1,1,0.5188724352345273,1,0.7118761238542263,1,0.7794045331683405
0,0,0,0,0.6330417670255862,1,1,0,0,0,0,0,0,2,0,-1.3587017392278458,-0.4885178225068175,2,0,0,0,0,1,1,0,0,0,0,0.01575447854235597,0,0.03414423937130042,0,0.022288114171662033
0,0,0,0,-1.2827281667186554,1,1,0,0,0,0,0,0,0,1,-0.4906363536026986,-0.9883503643363948,0,0,0,1,0,0,0,1,0,0,1,0.5290555578294713,1,0.8022333559234438,1,0.7674047673032225
0,0,0,0,-1.2827281667186554,1,0,0,0,0,0,0,0,0,1,-1.485086737901239,-1.0015415846026945,0,0,0,0,0,1,0,0,1,1,0,0.45732890879720023,1,0.777534253506174,0,0.45079215304203324
0,0,1,1,-0.9974007297780236,1,1,0,1,0,0,0,0,0,0,-0.3027218161014695,-0.8133350773918753,0,0,1,1,0,0,0,1,0,0,0,0.24309701473393241,0,0.44090747240047734,1,0.5913931730903833
1,0,0,0,-0.3452237310565796,1,1,0,0,0,1,0,0,1,0,-0.3409699078052594,-0.4624000887354145,1,0,1,1,0,0,0,0,0,0,0,0.05582656300925428,0,0.1443389229567334,0,0.21521548381061117
0,0,0,0,-0.0191352316958577,1,1,0,1,0,0,0,0,0,1,-0.3542735918761429,-0.2429802426001569,2,0,1,1,0,0,0,1,0,0,0,0.21131699223759765,0,0.3116732771539919,0,0.4656387132335886
0,0,1,0,-0.4675069183168504,1,1,1,0,1,0,1,1,0,1,1.315338759019734,-0.0397516266914277,1,2,2,1,1,0,0,0,0,1,0,0.45486701049137235,1,0.6867136528680979,1,0.7692822885374679
0,0,0,0,0.592280704605496,1,0,1,0,1,1,1,1,1,1,1.2920573118956875,1.076582961965151,2,2,3,1,1,0,0,1,0,0,0,0.2481924077091788,1,0.5685244606904107,0,0.4129301296878087
1,0,0,0,-0.2637016062163992,1,1,0,0,0,1,0,0,0,1,0.5204436357844459,-0.0889209075837056,2,0,1,1,1,0,0,1,0,1,0,0.4378947964213604,1,0.6122870131007635,1,0.7078999152309993
0,0,1,1,-0.4675069183168504,0,0,1,0,1,0,1,1,1,1,-0.2960699740660276,-0.4999884488253391,1,2,2,1,0,0,0,1,0,1,0,0.10484508932501874,0,0.24040773364268475,0,0.49108018432687567
1,0,1,1,-0.4675069183168504,1,1,1,0,0,0,1,1,1,1,0.367451268969286,-0.3267378736221307,1,2,1,1,0,0,0,0,0,0,0,0.13676810702407052,0,0.29797404839203506,0,0.35160714817260386
1,0,1,1,0.429236454925135,0,0,0,1,0,0,0,0,0,0,-1.1824279252886396,-0.4704295271583797,2,0,1,1,0,0,1,0,0,0,0,0.32837434406398025,0,0.26614602380261015,0,0.22763425915549598
1,1,1,0,-0.9974007297780236,0,0,0,1,1,0,0,1,0,1,-0.7151360222988573,-0.8465998937155877,0,1,2,1,0,0,0,0,1,0,0,0.48812646759838324,1,0.5107365428719377,1,0.7844669443854577
0,0,0,0,0.6330417670255862,1,1,0,0,0,0,0,0,1,0,-1.3470610156658227,-0.5102899536152421,2,0,0,0,0,1,0,0,0,0,0,0.02958347846429348,0,0.046351368937087106,0,0.04778862252260166
0,0,0,0,-0.4267458558967602,1,0,1,0,0,1,0,1,0,1,0.8048098827995801,-0.1782814983843419,1,1,2,1,1,0,0,1,0,0,0,0.31375370790812357,1,0.5099434031115357,1,0.6806575635487906
1,1,0,0,-1.2827281667186554,1,0,0,0,0,0,0,0,0,0,-0.6935175356836717,-0.991041549741894,0,0,0,1,0,0,0,1,0,0,1,0.6944444194879925,1,0.7721022061097814,1,0.7095959174770652
0,1,0,0,-1.2419671042985652,1,0,1,1,0,0,0,0,0,0,-0.3326551052609572,-0.9644826380351632,0,0,2,1,0,0,0,0,1,1,0,0.32237338925259645,1,0.6153374127561347,0,0.4982786545402133
0,0,0,0,1.2852187657470302,1,1,1,1,1,1,1,1,2,1,0.7166729758299774,1.3904590040540803,3,2,4,1,0,0,1,0,0,0,0,0.019070955812294614,0,0.010187008143598924,0,0.05252835513447697
0,0,1,0,-0.9974007297780236,1,0,0,0,0,0,0,0,0,0,-1.4867496984100992,-0.9415193265013536,0,0,0,0,0,1,0,0,0,1,0,0.08997683746202198,0,0.25182632067041694,0,0.3228161285427759
1,1,1,0,-0.1414184189561284,1,1,0,0,0,1,0,0,0,1,0.4805325835717953,0.0547928048493097,2,0,1,1,1,0,0,1,0,0,1,0.5600137813213794,1,0.6084429573371921,1,0.7437192639005522
1,0,1,0,-1.1604449794583849,1,0,0,0,0,1,0,0,0,0,-0.4922993141115591,-0.9313281161952828,0,0,1,1,0,0,0,0,1,1,0,0.3710699323067576,1,0.5424509606749333,0,0.47190039316906784
0,1,0,0,0.755324954285857,1,0,0,0,0,0,0,0,2,0,-1.505042264007564,-0.5834372552925834,3,0,0,0,0,1,1,0,0,0,0,0.01887499170510746,0,0.008006781959933368,0,0.016242234943659742
1,0,0,0,-1.2827281667186554,1,0,0,0,0,0,0,0,0,1,-0.6635842465241839,-0.990644489600099,0,0,0,1,0,0,0,0,1,0,1,0.5044744068612034,1,0.7475758958373406,1,0.6427241850339913
1,0,0,0,-1.1604449794583849,1,0,0,0,0,0,1,0,0,1,0.5370732408730502,-0.8600778796398507,0,1,0,1,1,0,0,1,0,1,1,0.6878337265006325,1,0.8679966908202121,1,0.8721304440157708
0,1,0,0,-1.038161792198114,1,0,0,0,0,0,1,1,0,1,0.8081358038173013,-0.7570628317408205,0,2,0,1,1,0,0,1,0,0,1,0.7034288079162136,1,0.8421120679490968,1,0.9077193189953937
1,0,1,0,-1.201206041878475,1,0,0,0,1,1,0,0,0,1,-0.3010588555926091,-0.9422693289914108,0,0,2,1,0,0,0,0,1,0,0,0.4191920582449758,1,0.6187085323538628,1,0.5498298235984937
0,0,1,1,-0.2229405437963089,1,0,0,1,0,0,0,0,0,0,-0.4989511561470007,-0.4209734806081386,2,0,1,1,0,0,0,0,1,0,0,0.07938003179696593,0,0.11934448676089096,0,0.24165562606683977
1,0,1,0,0.5107585797653155,1,0,1,1,1,0,1,1,1,0,0.4639029784831909,0.5766842434452745,2,2,3,1,0,0,0,0,0,0,0,0.08651842349984981,0,0.14798237618001964,0,0.1374934789770773
1,0,0,0,-0.5897901055771212,1,1,0,0,0,0,0,0,0,1,0.357473505916123,-0.394988100217334,1,0,0,1,1,0,0,0,0,0,0,0.4290444801554997,1,0.664447198877371,1,0.7593044192070247
0,0,1,0,0.3884753925050447,1,1,0,0,1,1,0,0,0,1,0.700043370741373,0.6350300253923697,2,0,2,1,1,0,1,0,0,0,0,0.21963724691440253,0,0.45636306627457934,1,0.5322318551193091
1,1,1,0,-0.4675069183168504,1,0,1,1,0,0,0,1,0,1,0.0032629175288506,-0.4193631811441923,1,1,2,1,0,0,0,0,0,0,0,0.17061348898514214,0,0.32217656971587316,0,0.4831405132732991
1,0,0,1,-0.2229405437963089,1,1,0,0,0,1,0,0,0,1,0.4871844256072372,-0.0484428320173843,2,0,1,1,1,0,0,1,0,1,0,0.40471463674685915,1,0.5654531418411917,1,0.6642807100197584
0,0,1,0,-0.1414184189561284,1,0,0,0,0,0,0,0,2,1,-1.5067052245164243,-0.7802467322422939,2,0,0,0,0,1,0,0,1,0,0,0.015094463894862839,0,0.03103264157278171,0,0.04564919601257709
0,0,1,0,-0.5490290431570309,1,0,0,1,0,0,0,1,0,1,-0.1680220148837743,-0.5115473107309263,1,1,1,1,0,0,0,0,1,0,0,0.12206668424008497,0,0.32278319750186135,1,0.5022064188270341
1,1,1,0,0.4699975173452252,1,0,0,0,0,0,0,0,2,1,-1.513357066551866,-0.6366653731898768,2,0,0,0,0,1,1,0,0,0,0,0.020873440308554824,0,0.023957336523125993,0,0.033447723512071974
1,0,1,1,-1.078922854618204,1,0,0,0,0,0,0,0,0,0,-1.5067052245164243,-0.9562326106445342,0,0,0,0,0,1,0,0,1,0,0,0.08891147372844554,0,0.19315511670210214,0,0.29531349545114594
0,0,1,0,0.9998913288063984,1,1,1,0,0,0,1,1,0,1,1.1573575106779928,1.4147237904971068,3,2,1,1,1,0,0,1,0,0,0,0.4377941794332311,1,0.5477235050494125,1,0.6360195009960642
0,0,1,1,0.103147955564413,1,0,1,0,0,1,0,0,1,1,-0.3293291842432363,-0.1651564548083413,2,0,2,1,0,0,0,0,0,0,0,0.05198007670178944,0,0.10748898974369997,0,0.09738410797933719
1,0,1,1,1.2852187657470302,1,1,1,0,1,0,0,1,2,0,0.9494874470704384,1.5582169139624582,3,1,2,1,1,0,0,0,0,0,0,0.02757517238763974,0,0.18970047123381878,0,0.10223725777454948
1,0,1,0,0.3884753925050447,0,0,1,0,0,0,1,0,0,1,-0.8215654948659252,-0.2930759971566232,2,1,1,1,0,0,0,0,0,0,0,0.22673376817669513,0,0.43750954810780973,0,0.3643937886280997
1,0,1,1,-0.4267458558967602,1,0,1,0,0,0,0,0,0,0,0.337517979809798,-0.316061367587199,1,0,1,1,1,0,0,0,0,0,0,0.19772733353035368,0,0.4255543013186903,0,0.4816654028290286
1,0,0,0,0.429236454925135,1,0,0,0,0,0,0,0,2,0,-1.5067052245164243,-0.6239153308589047,2,0,0,0,0,1,0,0,1,0,0,0.014198710667227582,0,0.019053924045156573,0,0.021033243347395102
1,0,0,0,-0.8343564800976626,1,0,0,0,0,0,0,0,0,0,-1.4900756194278202,-0.8933426959635632,0,0,0,0,0,1,1,0,0,0,0,0.06715828932996891,0,0.18079115988838418,0,0.2838970420480851
1,0,0,0,1.4890240778474817,1,0,0,0,0,0,0,0,2,1,-1.5150200270607266,-0.3716718463352622,3,0,0,0,0,1,0,0,0,0,0,0.015284818368258204,0,0.047689894167107845,0,0.009944969278243197
0,0,0,0,-1.2419671042985652,1,1,0,0,0,0,1,1,0,1,1.0076910648805537,-0.9235854434302806,0,2,0,1,1,0,0,1,0,1,1,0.8603774844067535,1,0.9447252537058252,1,0.9177629485111104
0,0,0,0,-0.8343564800976626,1,0,0,0,0,0,0,0,0,0,-1.510031145534145,-0.901813312321856,0,0,0,0,0,1,0,0,1,0,0,0.06710111899080626,0,0.19742147238658386,0,0.2826483958825308
1,0,0,0,0.7960860167059473,1,1,0,0,1,0,0,1,2,1,0.8181135668704638,1.009148914550304,3,1,1,1,1,0,1,0,0,0,0,0.04904942781556535,0,0.2167572586314749,0,0.23601734428933988
0,0,1,0,0.6738028294456765,0,0,1,0,0,0,1,0,0,0,-0.8049358897773209,-0.0968841693163716,3,1,1,1,0,0,0,0,0,0,0,0.17231438426893003,0,0.38794485333090534,0,0.2272670261219346
1,0,0,0,-1.1196839170382944,0,0,1,0,1,1,0,0,0,0,-0.8265543763925065,-0.9118721692473288,0,0,3,1,0,0,0,0,1,1,0,0.17085945922787282,0,0.3688991549655337,1,0.5275376509066937
0,0,1,1,1.3667408905872107,1,1,1,1,1,0,1,1,2,0,1.476645928379196,2.1141893480624923,3,2,3,1,1,0,0,0,0,0,0,0.12495525395881314,0,0.2794523581996508,0,0.12989286729365432
0,0,0,0,-1.2827281667186554,1,0,0,0,0,0,0,0,0,1,0.1579182448528708,-0.9797473945975036,0,0,0,1,1,0,0,1,0,1,1,0.8547781579314997,1,0.9293557746336097,1,0.854264370782691
1,0,1,1,-0.6713122304173017,1,0,0,0,0,0,0,0,0,0,-1.4867496984100992,-0.8598572906721869,1,0,0,0,0,1,0,1,0,0,0,0.09201894543487434,0,0.29561930628948674,0,0.2681291259965205
1,0,0,0,-0.8343564800976626,1,0,1,0,1,0,0,0,0,0,0.5603546879970964,-0.6316580036239069,0,0,2,1,1,0,0,0,0,1,0,0.31295420937159985,1,0.5913741385568819,1,0.6167578652342971
0,1,1,0,-0.6305511679972114,1,1,0,0,0,0,1,1,0,1,0.9212171184198106,-0.2980833667225931,1,2,0,1,1,0,0,1,0,0,1,0.7021099252452374,1,0.7642897399742785,1,0.8998125341438162
0,0,1,1,0.6330417670255862,1,0,0,0,0,0,0,0,2,0,-1.4701200933214948,-0.5441283012548808,2,0,0,0,0,1,0,0,0,0,0,0.015399187230237501,0,0.051803446836731576,0,0.015276036551450893
1,0,0,0,0.8368470791260375,1,1,0,0,0,0,0,0,1,0,-1.3570387787189853,-0.4360838248931141,3,0,0,0,0,1,0,0,0,0,0,0.027693176474298677,0,0.131802983492875,0,0.035896979407613376
0,0,0,1,-1.201206041878475,1,0,1,0,0,1,0,1,0,1,-0.0117037270508933,-0.9321884131691718,0,1,2,1,0,0,0,0,0,0,0,0.38279212580699506,0,0.4956353280064965,0,0.4927033519917634
0,0,1,0,-0.8751175425177529,1,1,0,0,0,0,1,1,0,1,0.9694429731767632,-0.5344665044712029,0,2,0,1,1,0,0,1,0,1,1,0.7735454437639013,1,0.9062584246478788,1,0.9028641123563594
1,0,0,0,-1.2827281667186554,1,0,0,0,0,0,0,0,0,0,-1.4934015404455407,-1.0016518790865263,0,0,0,0,0,1,0,0,1,0,0,0.41262336513862874,1,0.6813394974022817,0,0.37921842719546
1,1,1,0,1.6113072651077522,1,1,0,1,1,1,1,1,2,1,1.556468032804497,2.529051019547944,3,2,3,1,1,0,0,0,0,0,0,0.029326749415524617,0,0.1444965538191074,0,0.2501922163010815
0,0,0,0,-0.7935954176775724,1,0,0,0,0,0,0,0,2,1,-1.4784348958657971,-0.8951735843951734,1,0,0,0,0,1,0,0,1,0,0,0.018422332647952733,0,0.0062605070155864855,0,0.09429685068242379
1,0,1,0,-0.712073292837392,1,1,0,0,1,1,1,1,0,1,1.2837425093513857,-0.3311275940786418,1,2,2,1,1,0,0,1,0,0,1,0.7612454786420342,1,0.8101209971997301,1,0.8481390407144127
0,1,0,0,-0.9974007297780236,1,1,0,0,1,0,1,1,0,0,1.213898167979247,-0.6661140003730043,0,2,1,1,1,0,0,1,0,1,1,0.7848626555882479,1,0.9137424454499041,1,0.8992381873434677
0,1,0,0,-0.712073292837392,1,0,0,1,0,0,0,0,0,1,0.3474957428629605,-0.5042237570044855,1,0,1,1,1,0,1,0,0,1,1,0.5052676691344801,1,0.6947207460765825,1,0.7321854862023727
1,0,0,0,0.1846700804045935,1,1,0,0,0,1,1,1,0,0,1.129087182027365,0.5228825942320551,2,2,1,1,1,0,0,0,0,1,0,0.3205622089722039,0,0.4846802736628949,1,0.6238689433430685
0,0,0,0,-1.2419671042985652,1,0,0,0,0,0,0,0,0,0,-1.5333125926581914,-0.987004771633645,0,0,0,0,0,1,0,0,0,0,0,0.13429810614003615,0,0.2603672580899307,0,0.3759364669323281
1,0,0,0,1.24445770332694,1,1,0,1,1,0,1,1,2,1,1.326979482581757,1.8733061953735397,3,2,2,1,1,0,0,0,0,0,0,0.09780968141183503,0,0.3947005135568514,0,0.26217498055387906
0,0,1,1,-1.201206041878475,0,0,0,0,0,1,0,0,0,1,-1.1258872679873848,-0.9685194161434122,0,0,1,1,0,0,0,0,1,1,1,0.5167189181091779,1,0.5597463071396611,1,0.6612433014019755
0,0,0,0,-0.712073292837392,1,0,0,1,1,0,1,1,0,1,1.2105722469615263,-0.3675468326399478,1,2,2,1,1,0,0,1,0,1,1,0.6300304985170987,1,0.8290923430028108,1,0.8343481696180947
0,0,1,1,-0.3859847934766699,1,0,1,1,1,1,0,0,1,1,0.0464998907592218,-0.3337746616906084,1,0,4,1,0,0,0,0,1,0,0,0.04863910266013314,0,0.216235374437722,0,0.13390115763763943
0,0,1,1,0.5515196421854057,0,0,1,1,0,0,0,0,0,0,-0.9911874667696896,-0.2956348291815241,2,0,2,1,0,0,0,0,0,0,0,0.15377853756332982,0,0.30157260566193006,0,0.17459042942859837
1,0,0,0,-0.9158786049378432,1,0,0,0,0,0,0,0,0,0,-1.4917385799366805,-0.9286589896865496,0,0,0,0,0,1,0,1,0,0,0,0.13056278019771572,0,0.34948147974556126,0,0.38799454994131716
1,1,0,0,0.8776081415461278,1,0,0,0,1,1,0,1,1,0,0.0132406805820131,0.5468826739138847,3,1,2,1,0,0,0,0,0,0,0,0.07541281632337696,0,0.11902997222934897,0,0.10676442428195376
1,0,0,0,-1.201206041878475,0,0,0,0,0,1,0,0,0,1,-1.1674612807088958,-0.9677252958598224,0,0,1,1,0,0,0,1,0,0,1,0.6476463740447602,1,0.8077456290546805,1,0.7777062399448057
1,0,0,0,-0.4675069183168504,1,1,0,1,0,0,0,0,0,1,0.5819731746122817,-0.1930168414242889,1,0,1,1,1,0,0,1,0,1,1,0.5144400907362309,1,0.7833490133362067,1,0.7945902175689807
1,0,0,0,-0.6305511679972114,1,0,0,0,0,1,0,0,0,0,-0.4440734593546064,-0.613172648133674,1,0,1,1,0,0,0,0,1,1,0,0.10905047346678219,0,0.2550933501331382,0,0.34891552283606825
1,0,0,0,-1.1196839170382944,1,0,1,0,1,0,0,0,0,1,-0.3010588555926091,-0.8894162123391463,0,0,2,1,0,0,0,0,1,0,0,0.22111582835685054,1,0.5051825626719036,1,0.520965668486229
0,0,1,1,-0.0191352316958577,1,0,0,1,0,0,1,0,0,1,0.7066952127768144,0.1912050224526507,2,1,1,1,1,0,0,1,0,0,0,0.416848171019693,1,0.636378451451842,1,0.664892866858579
1,0,0,0,0.266192205244774,1,1,0,0,0,1,0,0,2,1,-0.3659143154381659,-0.0395530966205302,2,0,1,1,0,0,1,0,0,0,0,0.02735185146709638,0,0.14504152620823973,0,0.08824046009068087
0,0,1,0,0.7960860167059473,1,1,0,1,0,1,1,1,0,1,1.258798101718479,1.25636297061121,3,2,2,1,1,0,1,0,0,0,0,0.3686724823403944,1,0.5754810352184682,1,0.5540718529456485
1,0,0,0,-1.2827281667186554,1,0,0,0,0,0,0,0,0,1,0.216121862662986,-0.97897533321068,0,0,0,1,1,0,0,0,1,1,1,0.7224331670820594,1,0.8742573147204239,1,0.8043452600667358
1,0,1,1,1.5297851402675715,0,0,1,0,1,1,1,1,2,0,-0.1779997779369368,0.8181409274501534,3,2,3,1,0,0,0,0,0,0,0,0.02564971822368702,0,0.03989807006445657,0,0.03399148706598806
1,0,0,0,-0.712073292837392,1,1,1,0,0,0,1,0,0,1,0.761572909569209,-0.4624221476321809,1,1,1,1,1,0,0,0,0,0,1,0.5867414501741913,1,0.7040488080781251,1,0.7438951553969965
0,1,1,1,-0.7528343552574821,1,1,0,0,0,0,1,1,0,1,1.0293095514957389,-0.4164955245645619,1,2,0,1,1,0,0,1,0,0,1,0.82208002992021,1,0.8079644547637295,1,0.8902837294164994
1,1,1,0,1.24445770332694,1,1,1,1,1,0,1,1,2,0,1.4517015207462896,2.0742186271217977,3,2,3,1,1,0,1,0,0,0,0,0.11417090379109157,0,0.29399866879669934,0,0.1938386219735986
0,0,1,1,0.918369203966218,1,0,0,0,0,0,0,0,2,0,-1.4584793697594718,-0.4764957237691363,3,0,0,0,0,1,0,0,1,0,0,0.014398636540027914,0,0.023412385337067142,0,0.009785281955489165
1,0,0,0,-0.8751175425177529,1,0,0,0,0,0,0,0,0,0,-1.4834237773923784,-0.9186883683481426,0,0,0,0,0,1,0,0,1,0,0,0.05582198027187934,0,0.22896299417373295,0,0.29431166057456065
1,0,1,0,0.3884753925050447,1,0,0,0,0,0,0,0,2,0,-1.4834237773923784,-0.6418492139299778,2,0,0,0,0,1,0,1,0,0,0,0.02114540192999463,0,0.02428260369830831,0,0.031376950227385104
1,0,0,1,-1.201206041878475,1,0,0,0,0,0,0,0,0,0,-1.463468251286053,-0.9836959371186867,0,0,0,0,0,1,0,0,1,0,0,0.12973309452097073,0,0.1963680664345634,0,0.32233416791480485
0,0,0,0,0.103147955564413,1,1,1,0,1,1,1,1,1,1,0.7017063312502334,0.3616541177665278,2,2,3,1,0,0,1,0,0,1,0,0.12101508247768383,0,0.17874093430980728,0,0.23154288595919645
1,0,0,0,0.103147955564413,1,1,0,0,0,0,1,0,0,0,0.608580542754049,0.2462199109880213,2,1,0,1,1,0,0,1,0,0,0,0.4291399607425105,1,0.6133156150913759,1,0.6966709106205728
1,0,0,1,-0.5897901055771212,1,1,0,0,1,0,0,0,0,1,0.5221065962933062,-0.389870436167532,1,0,1,1,1,0,1,0,0,0,0,0.38458996746685176,1,0.6272890527484152,1,0.7036812213697469
0,0,1,1,0.9591302663863084,1,0,0,0,0,0,1,1,1,0,0.7998210012729992,1.1813186038119592,3,2,0,1,1,0,0,0,0,0,0,0.15245540235998406,0,0.38393274283449247,0,0.2717966802580152
1,0,0,0,0.103147955564413,1,0,0,0,0,0,1,0,0,0,-0.327666223734376,-0.1234430810231023,2,1,0,1,0,0,0,0,1,1,0,0.091517740572983,0,0.24964040177235094,0,0.30917778548874353
0,1,0,0,-0.9974007297780236,1,1,0,0,0,1,1,1,0,1,1.173987115766597,-0.6096211657542856,0,2,1,1,1,0,1,0,0,0,1,0.8763094768930392,1,0.9336768304340611,1,0.8681805244214069
0,0,0,0,-0.8343564800976626,1,1,0,0,0,0,0,1,0,1,0.7216618573565584,-0.5397606396951359,0,1,0,1,1,0,0,1,0,0,1,0.743030740925269,1,0.8283874084354611,1,0.8822653931162997
1,0,0,0,-1.1604449794583849,1,1,0,0,0,0,0,0,0,0,-1.3171277265063348,-0.9654973472864172,0,0,0,0,0,1,0,0,1,0,0,0.10925693692877568,0,0.20310075252040105,0,0.4113541547216662
0,0,0,0,0.8368470791260375,1,1,1,1,1,0,0,0,0,0,0.8630135006096954,1.1606714764386203,3,0,3,1,1,0,0,1,0,0,0,0.2505662734602329,0,0.35469933799092584,0,0.4281652698822553
0,0,0,0,-1.2419671042985652,0,0,0,1,0,0,1,1,0,0,-0.4473993803723273,-0.9677473547565886,0,2,1,1,0,0,0,1,0,0,1,0.6211650033313161,1,0.801744393649078,1,0.8232669837365642
1,0,1,0,1.5297851402675715,1,1,1,1,1,1,1,1,2,0,1.6446049397740998,2.626749873326274,3,2,4,1,1,0,1,0,0,0,0,0.06200175657160368,0,0.1638801645098486,0,0.12560710384817586
0,0,0,0,-0.6713122304173017,1,0,1,0,0,0,0,0,0,1,-0.4889733930938382,-0.6741654976927358,1,0,1,1,0,0,0,1,0,1,0,0.24903120828715922,0,0.4970849166436481,0,0.4972562491226601
0,0,0,0,-0.712073292837392,1,0,0,0,1,0,0,1,0,1,-0.1796627384457972,-0.6166358949259968,1,1,1,1,0,0,0,1,0,1,0,0.2831174051994422,0,0.49128085093343726,1,0.6439530130618121
1,0,1,0,1.2852187657470302,1,0,1,1,0,1,1,1,2,1,1.3036980354577106,1.90376953180792,3,2,3,1,1,0,1,0,0,0,0,0.06003748364702004,0,0.2139127323173466,0,0.12229966136541631
1,0,1,1,0.8776081415461278,1,0,0,0,0,0,0,0,2,0,-1.4784348958657971,-0.5293047226278683,3,0,0,0,0,1,1,0,0,0,0,0.015399187230237501,0,0.036131378426226136,0,0.009883080994146944
0,0,0,0,-1.1196839170382944,1,1,0,0,1,0,1,1,0,1,1.18562783932862,-0.7836879201378503,0,2,1,1,1,0,0,1,0,1,1,0.8911374325089578,1,0.9453100083845292,1,0.9106002087589703
0,0,0,0,-1.2827281667186554,1,1,0,0,0,0,0,0,0,1,-0.4906363536026986,-0.9883503643363948,0,0,0,1,0,0,0,0,1,1,1,0.5313305034961099,1,0.7657273100531706,1,0.6923752558835681
0,0,1,1,-0.4267458558967602,1,0,0,1,0,1,0,0,0,0,-0.3226773422077947,-0.4783707299942792,1,0,2,1,0,0,0,1,0,1,0,0.11016752748504058,0,0.2192172508499234,0,0.3282906276739073
1,0,1,1,-1.2827281667186554,1,0,0,0,0,0,0,0,0,1,-1.4867496984100992,-1.0015636434994608,0,0,0,0,0,1,0,0,0,0,0,0.4928617600561264,1,0.629187852973235,0,0.4211943907113108
0,0,1,0,1.5297851402675715,1,1,0,0,0,0,0,0,2,1,-1.2921833188734282,-0.1250313215902822,3,0,0,0,0,1,0,0,0,0,0,0.01726194243578569,0,0.002019307399664304,0,0.013579040036493425
0,0,0,0,0.3069532676648642,1,0,0,1,0,0,0,0,0,0,0.3308661377743562,0.3005950915171669,2,0,1,1,1,0,1,0,0,0,0,0.19624322205740397,1,0.5083356563970711,0,0.42004985642532944
0,1,1,0,1.6113072651077522,1,1,0,0,0,0,0,0,2,0,-1.3487239761746832,-0.2257301853288417,3,0,0,0,0,1,0,0,0,0,0,0.012978068717045358,0,0.0024131724473357256,0,0.010916006401574455
1,1,0,0,-0.2637016062163992,1,1,0,0,0,0,1,1,0,1,0.9561392891058796,0.0501824954251346,2,2,0,1,1,0,0,1,0,0,1,0.6510358559868703,1,0.8194855088806778,1,0.868798615240174
1,0,1,1,-0.7935954176775724,1,0,0,1,1,1,0,0,0,0,-0.1015035945293569,-0.679525809606968,1,0,3,1,0,0,0,0,0,0,0,0.12860491041086342,0,0.30577955030427334,0,0.31153358093423966
0,0,0,1,-0.8343564800976626,1,1,0,0,0,0,1,0,0,1,0.6385138319135366,-0.584032845505276,0,1,0,1,1,0,0,1,0,0,1,0.7012075105956701,1,0.7667664973445472,1,0.8538920049851598
1,0,0,1,-1.2827281667186554,0,0,0,0,0,0,0,0,0,1,-1.3154647659974743,-0.9992915771325228,0,0,0,1,0,0,0,1,0,1,1,0.6567564877060659,1,0.7568951322627823,1,0.8064916820162965
0,0,1,1,1.6113072651077522,0,0,0,1,0,1,1,1,2,0,-0.3725661574736078,0.6589639283839003,3,2,2,1,0,0,1,0,0,0,0,0.016799856823635193,0,0.06815644424903967,0,0.034121206318120524
1,1,1,0,-1.038161792198114,1,1,0,0,0,0,0,0,0,1,0.3508216638806817,-0.7752834804698566,0,0,0,1,1,0,0,1,0,0,1,0.6892464453801938,1,0.8383156097744753,1,0.8931972071061232
1,0,0,0,-0.4267458558967602,1,1,0,1,0,0,1,1,0,1,1.1906167208552014,0.0554104539587684,1,2,1,1,1,0,0,1,0,0,1,0.7220959401774367,1,0.8070063813887386,1,0.8643622008593385
1,0,1,1,1.407501953007301,1,0,1,1,1,0,1,1,2,0,0.548713964435073,1.3712898227640895,3,2,3,1,0,0,1,0,0,0,0,0.025780544354386956,0,0.05102160716815713,0,0.030754013603862596
1,0,0,0,-0.7935954176775724,1,1,0,0,0,1,1,1,0,1,1.135739024062807,-0.4361720604801796,1,2,1,1,1,0,0,0,1,1,1,0.7803549594431805,1,0.815402526715722,1,0.8048543696462707
1,1,1,0,-1.2419671042985652,1,0,0,0,0,0,0,0,0,0,0.1745478499414751,-0.947960524357139,0,0,0,1,1,0,0,1,0,0,1,0.6826423433118953,1,0.8073631367595623,1,0.8435908950087835
1,1,0,0,1.3259798281671205,1,1,1,0,1,1,1,1,2,1,1.4699940863437542,2.125527621000415,3,2,3,1,1,0,0,1,0,0,0,0.2293349599419222,0,0.4131210458456115,0,0.28617265624589294
1,0,1,1,1.5297851402675715,1,1,0,1,1,1,1,1,2,1,0.640176792422397,1.6276583209830464,3,2,3,1,0,0,0,1,0,0,0,0.033782401736193436,0,0.03981693382087996,0,0.08169397542982108
1,0,0,0,1.5297851402675715,0,0,1,0,1,1,0,1,2,0,-0.5471770109039534,0.5084340168500713,3,1,3,1,0,0,0,0,0,0,0,0.02176311270286946,0,0.08421007350959193,0,0.028595775662611404
1,1,1,0,0.3477143300849545,0,0,0,1,1,0,1,1,0,1,-0.362588394420445,-0.0330677809712122,2,2,2,1,0,0,0,1,0,0,0,0.3741091382600643,1,0.6457714156858688,1,0.6485439577959751
1,0,0,1,0.6738028294456765,1,1,0,0,0,0,0,0,0,0,0.3441698218452398,0.612331420619757,3,0,0,1,1,0,1,0,0,1,0,0.2150207933515997,0,0.38135181260512296,0,0.38438875754983703
0,0,1,1,-0.9158786049378432,1,0,0,1,1,0,0,0,0,1,-0.3093736581369113,-0.7672319831501252,0,0,2,1,0,0,0,0,1,0,0,0.16042165880998907,0,0.3592131107834836,0,0.48921668352948533
1,0,1,1,1.2036966409068497,1,0,1,1,1,1,1,1,2,0,0.7066952127768144,1.290399848321746,3,2,4,1,0,0,0,1,0,0,0,0.024262667531858125,0,0.03769561798360207,0,0.04065850135536233
1,0,0,0,-1.1604449794583849,1,1,1,0,0,0,1,0,0,0,0.8580246190831143,-0.8481219575924686,0,1,1,1,1,0,0,1,0,0,1,0.6064645099779951,1,0.7142639229252203,1,0.8179934865470718
1,0,1,0,-0.9566396673579334,1,1,1,0,0,0,0,1,0,1,0.7715506726223714,-0.656937499318187,0,1,1,1,1,0,0,1,0,0,1,0.6686702836006684,1,0.7665839523469908,1,0.8488205956685081
1,0,1,0,1.407501953007301,1,1,0,1,1,1,1,1,2,1,1.5448273092424738,2.328028293315853,3,2,3,1,1,0,0,0,0,0,0,0.18162683628688614,0,0.37654042146680944,0,0.2247831600702412
1,0,0,0,0.7145638918657667,0,0,1,0,0,1,0,0,1,1,-0.9795467432076664,-0.2388772878016087,3,0,2,1,0,0,0,0,1,0,0,0.05550987004323177,0,0.05492720481932167,0,0.09501439029251633
1,0,1,1,1.5297851402675715,1,1,0,0,0,0,0,0,2,0,-1.3121388449797535,-0.2242522392454938,3,0,0,0,0,1,0,0,1,0,0,0.015428466610378595,0,0.001083982237233011,0,0.0076811451974403075
1,0,0,0,0.1846700804045935,0,0,0,0,0,0,1,0,2,0,-0.9662430591367832,-0.4294661558631978,2,1,0,1,0,0,1,0,0,0,0,0.022835743412055343,0,0.11862440779690536,0,0.12964625507643499
1,0,1,0,1.6113072651077522,1,1,0,1,1,0,1,1,2,1,1.3286424430906172,2.285189915795529,3,2,2,1,1,0,0,0,0,0,0,0.06753805151190435,0,0.2806939687294763,0,0.23148930087892153
0,0,1,1,-0.6305511679972114,1,1,0,0,1,0,1,0,0,0,0.7782025146578133,-0.3660468276598334,1,1,1,1,1,0,0,1,0,1,1,0.5415327164498104,1,0.7924998994294045,1,0.7614973463873979
1,0,0,0,-0.6305511679972114,1,1,1,1,1,1,1,0,0,1,1.3901719819184537,-0.2727597532347802,1,1,4,1,1,0,0,0,0,0,0,0.34859790968018245,1,0.5570029098508489,1,0.6579940035038043
0,0,0,0,0.103147955564413,1,1,1,1,1,1,1,1,2,1,1.6080198085791704,0.7163391188732746,2,2,4,1,1,0,0,0,1,0,0,0.14174417747124046,0,0.20197515433264365,0,0.26193539596185633
1,0,1,1,0.3069532676648642,1,1,1,1,0,1,1,1,0,1,1.5049162570298231,0.9612149318769436,2,2,3,1,1,0,1,0,0,0,0,0.4063484431227711,0,0.4894661004028408,1,0.5533097872570454
1,0,0,0,-0.5490290431570309,1,0,0,0,1,1,0,0,0,1,-0.327666223734376,-0.5487606695758221,1,0,2,1,0,0,1,0,0,1,0,0.10605467205244506,0,0.3162194951265324,0,0.39445319425188013
0,1,1,0,0.5107585797653155,1,0,0,0,1,0,0,1,0,1,0.7066952127768144,0.6931331594750346,2,1,1,1,1,0,0,1,0,0,0,0.3298142413061872,1,0.7015372352352433,1,0.7197206779479891
1,0,1,0,1.24445770332694,1,0,0,0,0,0,0,0,2,0,-1.516682987569587,-0.4644295072379222,3,0,0,0,0,1,0,0,1,0,0,0.010374708579266197,0,0.07057441973231447,0,0.008469855572698661
0,0,1,1,1.2036966409068497,1,1,0,1,0,1,1,1,1,1,1.370216455812128,1.9469829105732737,3,2,2,1,1,0,1,0,0,0,0,0.0738899189364071,0,0.2602310643476511,0,0.3260713957505927
1,0,1,1,0.918369203966218,1,1,0,0,0,0,0,1,0,0,0.6867396866704893,1.0689947014775134,3,1,0,1,1,0,0,0,0,0,0,0.24403163347457943,0,0.44394623391296234,0,0.4522936293448927
0,0,0,0,-0.712073292837392,1,1,1,0,0,0,0,0,0,1,-0.3043847766103298,-0.6134814726884035,1,0,1,1,0,0,0,0,1,1,0,0.16765687641223334,0,0.461916900338667,0,0.4818249514051574
1,0,0,0,-0.2637016062163992,0,0,1,1,0,0,0,1,0,1,-0.6718990490684861,-0.500209037793003,2,1,2,1,0,0,0,0,0,0,0,0.2070199707662574,0,0.297724419871392,0,0.4832149164914094
0,0,0,0,-0.712073292837392,1,0,0,0,1,0,1,1,0,1,0.9694429731767632,-0.3462820561571501,1,2,1,1,1,0,1,0,0,0,1,0.593839899844654,1,0.793653518388679,1,0.79233068212379
0,0,1,1,1.6113072651077522,1,1,1,1,1,1,1,1,2,1,1.7277529652171215,2.720478125686656,3,2,4,1,1,0,1,0,0,0,0,0.013950348023344213,0,0.024944180933022544,0,0.1361580749239253
0,0,0,0,-1.2827281667186554,1,0,0,0,0,1,0,0,0,1,-0.4972881956381404,-0.9884385999234602,0,0,1,1,0,0,0,1,0,0,1,0.5450593512072027,1,0.7850544861738541,1,0.6611404113866847
1,0,0,0,-0.3859847934766699,1,1,0,0,1,1,1,0,0,1,1.0658946826906688,-0.0903988536670537,1,1,2,1,1,0,1,0,0,0,0,0.29452956142599446,1,0.5194059204937865,1,0.7121155936533055
1,0,1,0,1.5297851402675715,1,0,1,1,1,1,0,0,2,0,0.0032629175288506,0.9851047170749412,3,0,4,1,0,0,1,0,0,0,0,0.020771429922133364,0,0.07737156425726685,0,0.013189710393434737
0,0,0,0,-0.9566396673579334,1,0,0,0,0,0,0,0,0,0,-1.5083681850252848,-0.9441222763197876,0,0,0,0,0,1,0,0,0,0,0,0.09646892287396011,0,0.34849197138661075,0,0.31428531661634757
0,0,0,0,-1.2827281667186554,1,0,1,0,0,0,0,0,0,1,-0.5455140503950929,-0.9890783079296857,0,0,1,1,0,0,0,0,0,0,1,0.5918043236525572,1,0.7759704708216592,1,0.5641234762756303
1,0,0,0,-0.4675069183168504,1,1,0,0,0,0,0,0,0,0,0.3474957428629605,-0.3174951958770142,1,0,0,1,1,0,0,0,1,0,0,0.25104550053495844,1,0.6215001940218311,1,0.6686082037202292
0,1,0,0,0.5515196421854057,1,1,0,0,1,1,0,1,1,1,0.1412886397642664,0.4257352128728839,2,1,2,1,0,0,1,0,0,0,0,0.11296060585056651,0,0.19638224496964543,0,0.22447572395346377
0,0,0,0,-1.2419671042985652,1,1,0,0,0,0,0,0,0,0,0.3341920587920773,-0.9455340457128364,0,0,0,1,1,0,1,0,0,1,1,0.6587746805684348,1,0.8333862051232807,1,0.7807347824109798
0,0,1,1,0.8368470791260375,1,0,0,0,1,0,0,1,1,0,-0.1414146467420072,0.4441102738792848,3,1,1,1,0,0,1,0,0,0,0,0.06514371370364794,0,0.08440248715471897,0,0.08557949120643775
1,0,0,0,-1.1604449794583849,1,0,0,0,0,0,0,0,0,1,-1.4967274614632615,-0.9826591689706669,0,0,0,0,0,1,0,1,0,0,0,0.2039310052148664,0,0.2022633339678357,1,0.5213034555133151
0,0,1,1,-0.712073292837392,1,0,0,0,0,0,0,0,1,0,-1.4800978563746574,-0.8622396515229567,1,0,0,0,0,1,1,0,0,0,0,0.027924448535615442,0,0.025999387000028767,0,0.1073471807251817
0,0,0,0,-0.3859847934766699,1,1,1,0,0,0,1,0,0,1,0.8380690929767889,-0.0531854948221576,1,1,1,1,1,0,0,0,0,1,0,0.32399584367479006,1,0.6090725699033631,1,0.7190487216899619
1,0,0,0,-0.1821794813762187,1,1,0,1,0,0,1,1,1,0,1.1756500762754574,0.1756314413355809,2,2,1,1,1,0,0,1,0,0,0,0.2640436048278254,0,0.4682884696912453,1,0.6149774306706962
0,0,1,1,0.6738028294456765,0,0,1,0,0,1,0,0,1,1,-0.9662430591367832,-0.2242742981422602,3,0,2,1,0,0,1,0,0,0,0,0.042657543299090696,0,0.09185996894931373,0,0.08105752890947783
1,0,0,0,0.9998913288063984,1,0,0,0,0,0,0,0,2,0,-1.4701200933214948,-0.5138634948913969,3,0,0,0,0,1,0,0,0,0,0,0.01533519654752052,0,0.05956428877015949,0,0.011279787597017227
0,1,0,0,-1.2827281667186554,1,1,0,0,0,0,0,0,0,1,0.3109106116680311,-0.977717976094996,0,0,0,1,1,0,0,1,0,1,1,0.8644173397080791,1,0.9433255092079164,1,0.9048000828052164
1,0,1,1,1.4482630154273912,1,0,1,0,1,0,0,0,2,0,0.5154547542578644,1.3609442001806535,3,0,2,1,1,0,1,0,0,0,0,0.030966267062930986,0,0.08154939388361276,0,0.048453560552285134
1,1,1,0,1.6113072651077522,1,1,0,1,0,0,1,1,1,1,1.0775354062526916,2.1365129515900767,3,2,1,1,1,0,1,0,0,0,0,0.08555735342268717,0,0.25522112048549084,0,0.4150464915953002
1,0,0,0,0.8776081415461278,1,0,0,0,0,0,0,0,2,0,-1.4917385799366805,-0.5032531655467645,3,0,0,0,0,1,0,0,1,0,0,0.013884109197300688,0,0.05085111200030345,0,0.012281107774168217
1,0,0,0,-1.038161792198114,1,0,0,0,0,0,0,0,0,1,-1.5116941060430058,-0.9360487201032897,0,0,0,0,0,1,0,0,1,0,0,0.11114359354555187,0,0.22062616874016716,0,0.4008508848362453
0,0,1,1,1.5297851402675715,1,1,1,1,1,1,1,0,2,0,0.493836267642679,1.5233638570715655,3,1,4,1,0,0,0,0,0,0,0,0.025923067923102533,0,0.04642577274355652,0,0.02368128416130849
0,0,0,0,0.1439090179845032,1,1,0,0,1,0,0,0,1,0,-0.3010588555926091,-0.1539064174574836,2,0,1,1,0,0,0,1,0,0,0,0.0626835847971796,0,0.06701323670593565,0,0.22816566482857378
1,0,1,1,0.755324954285857,1,1,1,1,0,1,1,1,1,0,1.5032532965209628,1.4982608325514164,3,2,3,1,1,0,1,0,0,0,0,0.2340026721588243,0,0.4245352629276708,0,0.2402398494672827
1,1,1,0,-0.5490290431570309,0,0,0,1,1,0,0,0,0,1,-1.0161318744025962,-0.7558275335219027,1,0,2,1,0,0,1,0,0,0,0,0.3239125533083064,0,0.47063559160475316,1,0.6191664938333374
1,0,0,0,-0.1006573565360382,1,1,1,0,0,0,1,1,0,1,1.1823019183108991,0.2849553337097981,2,2,1,1,1,0,0,0,0,0,0,0.45707909998747387,1,0.7316933034878548,1,0.7166538687510144
0,0,1,1,-0.4675069183168504,1,0,0,1,0,0,0,0,0,1,0.3059217301414496,-0.319701085553653,1,0,1,1,1,0,0,0,0,1,0,0.2537660782644694,1,0.5873640389824568,1,0.6187780411883844
1,1,1,0,-0.9566396673579334,1,0,0,0,0,0,0,0,1,0,-1.4967274614632615,-0.9296516400410372,0,0,0,0,0,1,1,0,0,0,0,0.06279021979327497,0,0.06420200984184035,0,0.211436613447579
0,0,1,0,0.755324954285857,1,0,1,1,1,0,1,0,1,1,0.952813368088159,1.027590152247004,3,1,3,1,1,0,0,1,0,0,0,0.09116696361828042,0,0.2803879208703296,0,0.3170522881748833
1,0,0,1,-1.2827281667186554,1,0,0,0,0,0,0,0,0,1,-1.4834237773923784,-1.0015195257059282,0,0,0,0,0,1,0,0,1,0,0,0.4144425785317585,1,0.55503908861143,0,0.4120624713578346
1,0,0,0,-1.1196839170382944,1,0,0,0,0,0,0,0,0,1,0.1612441658705919,-0.8706440911909503,0,0,0,1,1,0,0,1,0,1,1,0.6101837191924523,1,0.7604375315975457,1,0.8426031882774935
1,1,1,0,0.429236454925135,1,0,0,1,1,0,1,1,1,1,1.1872907998374802,0.8883764547543316,2,2,2,1,1,0,0,0,0,0,0,0.2639516833326634,0,0.31652478009833257,1,0.5373534580222792
0,0,0,1,-0.4267458558967602,1,0,0,0,0,0,0,0,0,1,-1.4734460143392158,-0.8031659259825706,1,0,0,0,0,1,0,1,0,0,0,0.09400004269741222,0,0.2110847396383074,0,0.2836683813859837
1,0,1,1,1.4482630154273912,1,1,1,1,1,1,1,1,2,1,1.60635684807031,2.4554404810385084,3,2,4,1,1,0,0,1,0,1,0,0.04798169795882203,0,0.1050418867832264,0,0.19547531726250061
0,0,1,1,1.3259798281671205,1,1,0,0,0,0,0,0,2,1,-1.3154647659974743,-0.2390317000789735,3,0,0,0,0,1,0,0,0,0,0,0.0174552877595302,0,0.0013102886815701462,0,0.013185456772916094
0,0,1,1,-1.1196839170382944,0,0,0,1,0,0,0,0,0,1,-1.1425168730759891,-0.9366884281095148,0,0,1,1,0,0,0,1,0,0,1,0.6723127385140972,1,0.6745865596169297,1,0.7577315836925342
1,0,0,0,1.6113072651077522,0,0,1,1,1,1,1,1,2,1,-0.0383110951926602,0.9593178667550344,3,2,4,1,0,0,0,0,0,0,0,0.013900312292435104,0,0.005017278371021751,0,0.04828370687723217
0,0,1,0,1.6113072651077522,1,1,1,1,1,0,1,0,2,0,1.1906167208552014,2.225167657694188,3,1,3,1,1,0,0,0,0,0,0,0.023924934600748116,0,0.043402784447601414,0,0.10553444790433388
1,0,0,0,0.3884753925050447,1,0,0,0,0,0,0,0,1,1,-1.5067052245164243,-0.6401286199821996,2,0,0,0,0,1,0,0,1,0,0,0.0299046408768238,0,0.040987650091016396,0,0.059565432594226225
0,0,1,0,-0.5490290431570309,1,1,0,0,0,0,1,0,0,1,0.7316396204097209,-0.3202746168695791,1,1,0,1,1,0,0,1,0,0,1,0.5585426436297367,1,0.7837140077703916,1,0.8388421668485401
1,0,0,0,-1.2419671042985652,1,0,0,0,0,0,0,0,0,0,-1.5000533824809827,-0.9931150860379344,0,0,0,0,0,1,0,0,1,0,0,0.13077326301657952,0,0.2924424539532073,0,0.3700823618984049
